1953,"[list([1667211, 1667237, 1667271, 1667291, 1667615, 1667635, 1667636, 1667650, 1667651, 1667652, 1667668, 1667669, 1667690, 1667691, 1667736, 1667760, 1667761, 1667984, 1668005, 1668028, 1668055, 1668078, 1668102, 1668168, 1668185, 1668205, 1668231, 1668249, 1668262])]"
1965,"[list([1632461, 1632466, 1632470, 1632479, 1632486, 1632493, 1632498, 1632499, 1632501, 1632505, 1632509, 1632515, 1632520, 1632521, 1632524, 1632525, 1632527, 1632528, 1632533, 1632534, 1632536, 1632540, 1632556, 1632559, 1632564, 1632565, 1632638, 1632651, 1632663, 1632684, 1632697, 1632698, 1632709])]"
1972,[list([])]
1973,[list([])]
1974,[list([])]
1976,[list([])]
1977,"[list([1604919, 1604933, 1604937, 1604941, 1604945, 1604961, 1604964, 1604968, 1604972, 1604976, 1604980, 1604984, 1604988, 1604995, 1604998, 1605002, 1605006, 1605012, 1605015, 1605019, 1605024, 1605025, 1605030, 1605031, 1605034, 1605037, 1605041, 1605045, 1605049, 1605053, 1605054, 1605057, 1605058, 1605059, 1605063, 1605064, 1605065, 1605069, 1605070, 1605071, 1605076, 1605077, 1605078, 1605083, 1605084, 1605092, 1605100, 1605106, 1605114, 1605126, 1605137, 1605163, 1605177, 1605178, 1605193, 1605209])]"
1982,[list([])]
1986,"[list([1563835, 1563876, 1563891, 1563899, 1563907, 1563922])]"
1992,"[list([1555390, 1555402, 1555420])]"
1998,"[list([1157388, 1157409, 1157436])]"
1999,"[list([1154752, 1154753, 1154764, 1154765, 1154766, 1154767, 1154778, 1154779, 1154780, 1154781, 1154782, 1154783, 1154792, 1154793, 1154794, 1154795, 1154796, 1154797, 1154807, 1154808, 1154809, 1154810, 1154822, 1154823, 1154836, 1154837])]"
2005,[list([])]
2008,"[list([1127613, 1128440])]"
2010,"[list([1119987, 1120060, 1120093])]"
2013,"[list([1101154, 1101164, 1101184, 1101194, 1101195, 1101204, 1101205, 1101213, 1101214, 1101226, 1101227, 1101236, 1101237, 1101246, 1101247, 1101257, 1101258, 1101267, 1101268, 1101269, 1101279, 1101280, 1101281, 1101290, 1101291, 1101292, 1101293, 1101302, 1101303, 1101304, 1101305, 1101314, 1101315, 1101316, 1101317, 1101328, 1101329, 1101330, 1101331, 1101340, 1101341, 1101342, 1101350, 1101351, 1101352, 1101361, 1101362, 1101372, 1101373, 1101383, 1101384, 1101394, 1101395, 1101406, 1101407, 1101408, 1101418, 1101419, 1101428, 1101429, 1101439, 1101440, 1101451, 1101466, 1101483])]"
2018,[list([])]
2019,[list([])]
2020,[list([])]
2022,[list([])]
2025,[list([])]
2027,"[list([1429050, 1429078, 1429084])]"
2028,[list([1428629])]
2030,[list([])]
2033,"[list([1418015, 1418123, 1418126, 1418129, 1418132, 1418135, 1418152])]"
2034,[list([])]
2037,[list([])]
2038,[list([])]
2044,"[list([1404913, 1404924, 1404975, 1405003])]"
2049,[list([])]
2052,[list([])]
2059,"[list([717413, 717431, 717432, 717448, 717449, 717450, 717466, 717467, 717468, 717481, 717482, 717483, 717497, 717498, 717512, 717513, 717514, 717529, 717530, 717531, 717546, 717547, 717548, 717554, 717557, 717558, 717566, 717570, 717578, 717582, 717583, 717596, 717600, 717608, 717612, 717624, 717628, 717638, 717642, 717653, 717667, 717668, 717681, 717682, 717697, 717710, 717727, 717728, 717729, 717743, 717744, 717745, 717759, 717760, 717761, 717776, 717777, 717793, 717794, 717814, 717815, 717830, 717831, 717832, 717849, 717850, 717866, 717867, 717868, 717869, 717884, 717885, 717886, 717887, 717903, 717904, 717905, 717906, 717924, 717925, 717926, 717927, 717942, 717943, 717944, 717961, 717962, 717963, 717979, 717980, 717996, 717997, 718013, 718014, 718028, 718029, 718044, 718059, 718072, 718073, 718088, 718089, 718103, 718104, 718120, 718138, 718154])]"
2062,"[list([705262, 705362, 705378])]"
2063,[list([])]
2064,[list([])]
2065,[list([])]
2066,[list([])]
2068,[list([])]
2072,[list([])]
2075,[list([])]
2080,[list([])]
2082,[list([])]
2083,"[list([632494, 632512, 632513, 632514, 632531, 632532, 632533, 632550, 632551, 632552])]"
2084,[list([])]
2086,"[list([630172, 630179, 630180, 630181, 630188, 630189, 630190, 630197, 630198, 630199, 630200, 630206, 630207, 630208, 630209, 630214, 630215, 630216, 630217, 630222, 630223, 630224, 630225, 630226, 630230, 630231, 630232, 630233, 630234, 630235, 630240, 630241, 630242, 630243, 630244, 630245, 630249, 630250, 630251, 630252, 630253, 630254, 630256, 630257, 630258, 630259, 630260, 630261, 630264, 630265, 630266, 630267, 630268, 630269, 630275, 630276, 630277, 630278, 630279, 630280, 630287, 630288, 630289, 630290, 630291, 630292, 630300, 630301, 630302, 630303, 630304, 630305, 630311, 630312, 630313, 630314, 630315, 630316, 630323, 630324, 630325, 630326, 630327, 630328, 630329, 630336, 630337, 630338, 630339, 630340, 630341, 630342, 630348, 630349, 630350, 630351, 630352, 630353, 630354, 630360, 630361, 630362, 630363, 630364, 630365, 630366, 630373, 630374, 630375, 630376, 630377, 630378, 630379, 630387, 630388])]"
2087,[list([])]
2095,[list([])]
2098,"[list([621739, 621742, 621743, 621746, 621747])]"
2106,"[list([617168, 617169, 617173, 617174, 617175])]"
2108,[list([616034])]
2113,"[list([608972, 608974, 608975, 608977, 608978, 608984, 608985, 608991, 608992, 608993, 608998, 608999, 609000, 609005, 609006, 609007, 609012, 609013, 609014, 609019, 609020, 609021, 609026, 609027, 609028, 609033, 609034, 609035, 609040, 609041, 609042, 609046, 609047, 609048, 609049, 609050, 609051, 609052, 609053, 609054, 609056, 609057, 609058, 609059, 609060, 609061, 609062, 609064, 609065, 609066, 609067, 609068, 609069, 609070])]"
2120,[list([])]
2122,[list([])]
2123,"[list([602530, 602531, 602532, 602533, 602534, 602535, 602536])]"
3967,[list([])]
3971,"[list([2515504, 2515522])]"
3972,[list([2497028])]
3973,"[list([2496368, 2496371, 2496372, 2496373, 2496374, 2496375, 2496379, 2496380, 2496381, 2496382, 2496387, 2496388, 2496389])]"
3975,[list([2483641])]
3976,"[list([2474915, 2474924, 2474930, 2474931, 2474932, 2474940, 2474941, 2474942, 2474943, 2474944, 2474945, 2474946, 2474950, 2474951, 2474952, 2474953, 2474954, 2474955, 2474956, 2474964, 2474965, 2474966, 2474967, 2474968, 2474969, 2474970, 2474975, 2474976, 2474977, 2474978, 2474979, 2474980, 2474981, 2474982, 2474988, 2474989, 2474990, 2474991, 2474992, 2474993, 2475002, 2475003, 2475004, 2475005, 2475006, 2475007, 2475016, 2475017, 2475018, 2475019, 2475020, 2475021, 2475034, 2475035, 2475036, 2475037, 2475038, 2475052, 2475053, 2475054])]"
3980,"[list([2452539, 2452541, 2452542, 2452543, 2452544, 2452546, 2452547, 2452548, 2452549, 2452550, 2452554, 2452555, 2452556, 2452557, 2452558, 2452559, 2452563, 2452564, 2452565, 2452566, 2452567, 2452568, 2452572, 2452573, 2452574, 2452575, 2452576, 2452577, 2452581, 2452582, 2452583, 2452584, 2452585, 2452586, 2452590, 2452591, 2452592, 2452593, 2452594, 2452595, 2452598, 2452599, 2452600, 2452601, 2452602, 2452603, 2452609, 2452610, 2452611, 2452612, 2452613, 2452614, 2452618, 2452619, 2452620, 2452621, 2452622, 2452623, 2452628, 2452629, 2452630, 2452631, 2452632, 2452633, 2452638, 2452639, 2452640, 2452641, 2452642, 2452643, 2452652, 2452653, 2452654, 2452655, 2452656, 2452667, 2452668, 2452669, 2452670, 2452671, 2452683, 2452684, 2452685, 2452686, 2452696, 2452697, 2452698])]"
3985,[list([])]
3986,[list([])]
3987,"[list([2442579, 2442581, 2442582, 2442584, 2442587])]"
3990,"[list([2436535, 2436537, 2436540, 2436546, 2436555, 2436560, 2436570, 2436571, 2436572, 2436574, 2436575, 2436577, 2436578, 2436579, 2436583, 2436584, 2436589, 2436590, 2436591, 2436595, 2436596, 2436601, 2436602])]"
3996,"[list([2427720, 2427727, 2427728, 2427729, 2427735, 2427736, 2427742, 2427743, 2427744, 2427749, 2427750, 2427751, 2427758, 2427767])]"
3998,"[list([2298593, 2298613, 2298635, 2298722, 2298725, 2298726, 2298733, 2298747, 2298753, 2298756, 2298762, 2298763, 2298768, 2298775, 2298776, 2298785, 2298797])]"
4003,"[list([2289210, 2289222, 2289223])]"
4007,"[list([2277523, 2277526, 2277527, 2277531, 2277532, 2277533, 2277538, 2277539, 2277540, 2277541, 2277542, 2277543, 2277548, 2277549, 2277550, 2277551, 2277560, 2277561, 2277562, 2277574])]"
4011,[list([])]
4020,"[list([2261274, 2261275, 2261277, 2261283, 2261284, 2261286, 2261292, 2261293, 2261294, 2261295, 2261300, 2261301, 2261302, 2261303, 2261309, 2261310, 2261311, 2261317, 2261318, 2261319, 2261326, 2261327, 2261328, 2261335, 2261336, 2261337, 2261343, 2261344, 2261345, 2261354, 2261355, 2261364, 2261365, 2261375])]"
4026,"[list([2248012, 2248021, 2248030, 2248038, 2248039, 2248046, 2248047, 2248055, 2248064, 2248073, 2248081, 2248086, 2248093, 2248094, 2248102, 2248110, 2248111])]"
4028,"[list([2247785, 2247790, 2247792, 2247794, 2247796, 2247799, 2247800, 2247816, 2247820, 2247825, 2247844])]"
4029,"[list([2247254, 2247255, 2247256, 2247257, 2247258, 2247259, 2247264, 2247265, 2247266, 2247267, 2247268, 2247269, 2247274, 2247275, 2247276, 2247277, 2247278, 2247279, 2247285, 2247286, 2247287, 2247288, 2247289, 2247290, 2247295, 2247296, 2247297, 2247298, 2247299, 2247300, 2247307, 2247308, 2247309, 2247310, 2247311, 2247318, 2247319, 2247320, 2247321, 2247322, 2247330, 2247331, 2247332, 2247333, 2247334, 2247335, 2247344, 2247345, 2247346, 2247347, 2247348, 2247354, 2247355, 2247356, 2247357, 2247358, 2247364, 2247365, 2247366, 2247367, 2247368, 2247375, 2247376, 2247377, 2247385, 2247386, 2247387])]"
4030,[list([2245394])]
4033,[list([2228406])]
4035,"[list([2226683, 2226695, 2226708, 2226718, 2227017, 2227018, 2227019, 2227029, 2227030, 2227031, 2227032, 2227043, 2227044, 2227045, 2227057, 2227058, 2227060, 2227064, 2227067, 2227070, 2227074, 2227077, 2227088])]"
4037,"[list([2225138, 2225139, 2225144, 2225150, 2225155, 2225159])]"
4039,"[list([2210719, 2210748, 2210752, 2210779, 2210782, 2210783, 2210819, 2210850, 2210851, 2210872, 2210901, 2210902, 2210903, 2210930, 2210931, 2210932, 2210965, 2210995, 2210996, 2210998, 2211027, 2211028, 2211029, 2211060, 2211061, 2211085, 2211086, 2211158])]"
4042,"[list([2200000, 2200032, 2200033, 2200060, 2200061, 2200141, 2200143, 2200171, 2200172, 2200201, 2200202, 2200203, 2200204, 2200233, 2200234, 2200235, 2200236, 2200237, 2200278, 2200279, 2200280, 2200281, 2200318, 2200319, 2200320, 2200322, 2200360, 2200361, 2200362, 2200363, 2200364, 2200365, 2200367, 2200398, 2200399, 2200400, 2200401, 2200402, 2200403, 2200404, 2200445, 2200446, 2200447, 2200448, 2200449, 2200450, 2200451, 2200499, 2200500, 2200501, 2200502, 2200503, 2200504, 2200505, 2200506, 2200507, 2200549, 2200550, 2200551, 2200552, 2200553, 2200554, 2200555, 2200556, 2200557, 2200558, 2200559, 2200604, 2200605, 2200606, 2200607, 2200608, 2200609, 2200610, 2200611, 2200612, 2200613, 2200654, 2200655, 2200656, 2200657, 2200658, 2200659, 2200660, 2200662, 2200699, 2200700, 2200701, 2200702, 2200703, 2200704, 2200705, 2200706, 2200707, 2200708, 2200710, 2200752, 2200753, 2200754, 2200755, 2200756, 2200757, 2200758, 2200759, 2200760, 2200761, 2200800, 2200801, 2200802, 2200803, 2200804, 2200805, 2200806, 2200807, 2200808, 2200809, 2200859, 2200860, 2200861, 2200862, 2200863, 2200864, 2200865, 2200866, 2200904, 2200905, 2200906, 2200907, 2200908, 2200909, 2200910, 2200911, 2200954, 2200955, 2200956, 2200958, 2200959, 2200960, 2200993, 2200994, 2200997, 2200998, 2201031, 2201032, 2201034, 2201035])]"
4043,"[list([2178938, 2179027, 2179060, 2179076, 2179085, 2179099, 2179100, 2179108, 2179122, 2179133, 2179146, 2179161, 2179188, 2179189, 2179211, 2179212, 2179227, 2179228, 2179246, 2179247, 2179269, 2179285])]"
4046,"[list([2166011, 2166079, 2166111, 2166112, 2166113, 2166121, 2166122, 2166134, 2166137, 2166146, 2166147, 2166148, 2166158, 2166159, 2166171, 2166172, 2166178, 2166179, 2166186, 2166187, 2166188, 2166199, 2166200, 2166201, 2166202, 2166203, 2166204, 2166216, 2166217, 2166218, 2166219, 2166227, 2166228, 2166250, 2166251, 2166252])]"
4048,"[list([2148136, 2148137, 2148219, 2148265, 2148266, 2148297, 2148325, 2148369, 2148460, 2148519, 2148577, 2148635, 2148689, 2148694, 2148743, 2148744, 2148745, 2148746, 2148747, 2148748, 2148749, 2148805, 2148806, 2148807, 2148809, 2148810, 2148811, 2148878, 2148879, 2148882, 2148883, 2148891, 2148940, 2148942, 2148943, 2148949, 2148999, 2149001, 2149002, 2149003, 2149007, 2149069, 2149070, 2149071, 2149072, 2149073, 2149074, 2149077, 2149134, 2149135, 2149136, 2149137, 2149138, 2149139, 2149143, 2149192, 2149193, 2149195, 2149196, 2149197, 2149198, 2149199, 2149206, 2149256, 2149257, 2149258, 2149259, 2149260, 2149261, 2149267, 2149317, 2149318, 2149319, 2149320, 2149321, 2149376, 2149377, 2149378, 2149387, 2149439, 2149440, 2149441, 2149442, 2149447, 2149500, 2149501, 2149502, 2149540, 2149541])]"
4051,"[list([2087018, 2087029])]"
4053,"[list([2086548, 2086554])]"
4058,"[list([2069826, 2069831, 2069841, 2069855, 2069860, 2069861, 2069863, 2069866, 2069867, 2069874, 2069881, 2069889, 2069896, 2069897, 2069901, 2069902, 2069905, 2069906, 2069910, 2069915, 2069922, 2069929, 2069938, 2069963])]"
4062,[list([])]
4064,"[list([2047255, 2047274, 2047327, 2047405, 2047433, 2047454, 2047456, 2047465, 2047468, 2047485, 2047486, 2047506, 2047507, 2047545])]"
4070,[list([])]
4073,"[list([2012995, 2013008, 2013016, 2013041, 2013052, 2013063, 2013071, 2013072, 2013079, 2013088])]"
4080,"[list([2008668, 2008671, 2008674, 2008677, 2008680, 2008684, 2008687, 2008707, 2008712, 2008716, 2008722, 2008736, 2008742, 2008751, 2008762, 2008769])]"
4084,[list([2004007])]
4085,"[list([2002708, 2002733, 2002767, 2002775, 2002776, 2002777, 2002784, 2002785, 2002789, 2002790, 2002793, 2002798, 2002799, 2002802, 2002805, 2002808])]"
4087,"[list([1999886, 1999950])]"
4090,"[list([1998086, 1998098, 1998111, 1998112])]"
4091,"[list([1997680, 1997705])]"
4092,[list([])]
4102,"[list([1987947, 1987962, 1987963, 1987969, 1987972, 1987977, 1987982, 1987988, 1987996, 1987997, 1988006, 1988016, 1988027, 1988037, 1988045, 1988053, 1988059, 1988073])]"
4106,"[list([1983504, 1983511, 1983583])]"
4109,"[list([1976600, 1976647, 1976695, 1976713, 1976714, 1976749, 1976772, 1976773, 1976798, 1976800, 1976801, 1976818, 1976821, 1976841, 1976844, 1976845, 1976865, 1976866, 1976867, 1976868, 1976890, 1976891, 1976910, 1976911, 1976912, 1976914, 1976933, 1976934, 1976935, 1976936, 1976937, 1976955, 1976956, 1976957, 1976974, 1976975, 1976993, 1976994, 1976995, 1976997, 1977037, 1977038, 1977062, 1977089])]"
4114,[list([])]
4119,"[list([1823695, 1823700, 1823728, 1823752, 1823776, 1823785, 1823797, 1823798, 1823811, 1823825, 1823826, 1823840, 1823890, 1823915, 1823930, 1823944, 1823945, 1823960, 1823961, 1823978, 1823993, 1824027, 1824091])]"
4121,"[list([1789696, 1789812])]"
4123,"[list([1742510, 1742527, 1742543, 1742553, 1742554, 1742571, 1742572, 1742573, 1742590, 1742591, 1742605, 1742644, 1742645, 1742671, 1742672, 1742698, 1742699, 1742718, 1742719, 1742739, 1742740, 1742741, 1742815, 1742861, 1742862, 1742880, 1742902, 1742953, 1742977, 1743019, 1743039, 1743057, 1743211])]"
4128,"[list([1692104, 1692118, 1692126, 1692128, 1692133, 1692135, 1692136, 1692142])]"
4130,"[list([1687457, 1687513, 1687565, 1687620, 1687670])]"
4132,"[list([1675808, 1675813, 1675849, 1675858, 1675865, 1675875, 1675886])]"
4136,"[list([1667237, 1667271, 1667291, 1667369, 1667423, 1667596, 1667597, 1667614, 1667615, 1667635, 1667636, 1667650, 1667651, 1667652, 1667666, 1667667, 1667668, 1667669, 1667690, 1667691, 1667736, 1667760, 1667761, 1668028, 1668055, 1668078, 1668168, 1668185, 1668205, 1668231, 1668249])]"
4137,[list([1081229])]
4139,"[list([1079383, 1079389, 1079396, 1079403, 1079410, 1079417, 1079425, 1079442, 1079452, 1079462, 1079472, 1079481, 1079489, 1079571, 1079578, 1079582, 1079586, 1079590, 1079594, 1079795, 1079936, 1079937, 1079938, 1079939, 1079941, 1079942, 1079944, 1079987, 1079992])]"
4140,[list([])]
4142,[list([])]
4146,[list([])]
4149,[list([874000])]
4154,[list([])]
4157,[list([])]
4319,"[list([1071412, 1071415, 1071416, 1071418, 1071419, 1071422, 1071423, 1071425, 1071426, 1071427, 1071428, 1071431, 1071432, 1071433, 1071434, 1071438, 1071439, 1071440, 1071441, 1071444, 1071445, 1071446, 1071447, 1071448, 1071452, 1071453, 1071454, 1071455, 1071456, 1071461, 1071462, 1071463, 1071464, 1071465, 1071469, 1071470, 1071471, 1071472, 1071473, 1071474, 1071475, 1071481, 1071482, 1071483, 1071484, 1071485, 1071486, 1071491, 1071492, 1071493, 1071494, 1071495, 1071496, 1071497, 1071502, 1071503, 1071504, 1071505, 1071506, 1071507, 1071508, 1071509, 1071515, 1071516, 1071517, 1071518, 1071519, 1071520, 1071521, 1071526, 1071527, 1071528, 1071529, 1071530, 1071531, 1071532, 1071533, 1071540, 1071541, 1071542, 1071543, 1071544, 1071545, 1071546, 1071547, 1071553, 1071554, 1071555, 1071556, 1071557, 1071558, 1071559, 1071565, 1071566, 1071567, 1071568, 1071569, 1071570, 1071571, 1071578, 1071579, 1071580, 1071581, 1071582, 1071583, 1071584, 1071590, 1071591, 1071592, 1071593, 1071594, 1071595, 1071596, 1071602, 1071603, 1071604, 1071605, 1071606, 1071607, 1071612, 1071613, 1071614, 1071615, 1071616, 1071617, 1071623, 1071624, 1071625, 1071626, 1071627, 1071631, 1071632, 1071633, 1071634, 1071635, 1071640, 1071641, 1071642, 1071643, 1071644, 1071649, 1071650, 1071651, 1071652, 1071657, 1071658, 1071659, 1071660, 1071665, 1071666, 1071671, 1071672, 1071676])]"
4322,"[list([1068362, 1068371, 1068376, 1068385, 1068386, 1068391, 1068397, 1068398, 1068404])]"
4325,"[list([1049340, 1049341, 1049359, 1049361, 1049366, 1049367, 1049370, 1049371, 1049401, 1049402, 1049409, 1049416, 1049423, 1049424, 1049431, 1049433, 1049434, 1049435, 1049442, 1049443, 1049444, 1049451, 1049453, 1049454, 1049462, 1049464, 1049465, 1049473, 1049474, 1049475, 1049483, 1049484, 1049492, 1049493, 1049494, 1049500, 1049502, 1049503, 1049504, 1049509, 1049510, 1049514, 1049515, 1049516, 1049520, 1049521, 1049525, 1049526, 1049532, 1049533, 1049539, 1049546, 1049547, 1049555])]"
4327,[list([])]
4330,"[list([1032852, 1032860, 1032903, 1032909, 1032910, 1032916, 1032923, 1032924, 1032931, 1032937, 1032938, 1032944, 1032945, 1032949, 1032950, 1032951, 1032955, 1032956, 1032957, 1032960, 1032961, 1032962, 1032966, 1032967, 1032968, 1032971, 1032972, 1032973, 1032974, 1032978, 1032979, 1032980, 1032981, 1032982, 1032988, 1032989, 1032990, 1032991, 1032997, 1032998, 1032999, 1033000, 1033010, 1033011, 1033012, 1033020, 1033021, 1033022, 1033023, 1033033, 1033034, 1033035, 1033046, 1033047])]"
4332,"[list([1025935, 1025948, 1025949, 1025960, 1025961, 1025962, 1025971, 1025972, 1025982, 1025993, 1025994, 1026005, 1026006, 1026015, 1026024, 1026026, 1026037, 1026038, 1026046, 1026047, 1026048, 1026055, 1026056, 1026057, 1026058, 1026065, 1026066, 1026067, 1026068, 1026076, 1026077, 1026078, 1026086, 1026087, 1026093, 1026094, 1026095, 1026102, 1026109, 1026110, 1026111, 1026112, 1026121, 1026122, 1026132, 1026133, 1026150, 1026151, 1026166, 1026168, 1026169, 1026184, 1026185, 1026200, 1026201, 1026202, 1026203, 1026218, 1026219, 1026220, 1026221, 1026237, 1026238, 1026239, 1026257, 1026258, 1026259, 1026270, 1026271, 1026272])]"
4334,"[list([1024850, 1024862, 1024875, 1024885, 1024886, 1024896, 1024906, 1024907, 1024908, 1024918, 1024919, 1024920, 1024930, 1024931, 1024941, 1024942, 1024952, 1024963, 1024964, 1024965, 1024974, 1024975, 1024976, 1024977, 1024984, 1024986, 1024987, 1024988, 1024996, 1024997, 1024998, 1025006, 1025007, 1025008, 1025009, 1025017, 1025019, 1025020, 1025021, 1025031, 1025032, 1025033, 1025034, 1025044, 1025045, 1025046, 1025047, 1025054, 1025055, 1025056, 1025057, 1025058, 1025072, 1025073, 1025074, 1025075, 1025076, 1025090, 1025091, 1025092, 1025093, 1025094, 1025095, 1025109, 1025110, 1025111, 1025112, 1025113, 1025114, 1025127, 1025128, 1025129, 1025130, 1025131, 1025141, 1025142, 1025143, 1025144, 1025145, 1025146, 1025155, 1025157, 1025158, 1025159, 1025160, 1025161, 1025179, 1025180, 1025181, 1025182, 1025194, 1025195, 1025196, 1025197])]"
4336,"[list([1020279, 1020290, 1020298, 1020306, 1020314, 1020322, 1020340, 1020341, 1020349, 1020350, 1020358, 1020359, 1020367, 1020368, 1020376, 1020377, 1020385, 1020386, 1020387, 1020395, 1020403, 1020404, 1020414, 1020424, 1020425, 1020426, 1020435, 1020436, 1020446, 1020447, 1020448, 1020456, 1020457, 1020458, 1020459, 1020467, 1020468, 1020469, 1020478, 1020479, 1020497, 1020498, 1020499, 1020507, 1020508, 1020509, 1020518, 1020519, 1020528, 1020541])]"
4339,[list([])]
4348,"[list([980738, 980739, 980746, 980747])]"
4355,[list([])]
4356,[list([])]
4359,[list([])]
4361,[list([941842])]
4370,[list([])]
4383,[list([])]
4388,"[list([903687, 903699, 903704, 903710, 903711])]"
4389,[list([903293])]
4390,[list([])]
4396,[list([])]
4403,[list([])]
4404,[list([])]
4406,[list([])]
4635,[list([])]
4641,[list([])]
4643,"[list([1524894, 1524931, 1525025, 1525032, 1525039])]"
4645,"[list([1521461, 1521477, 1521482, 1521485, 1521505, 1521558])]"
4651,"[list([1509973, 1509998, 1510004, 1510008, 1510012, 1510015, 1510043, 1510048, 1510050, 1510051, 1510053, 1510054, 1510056, 1510058, 1510112, 1510150])]"
4652,[list([])]
4654,[list([])]
4659,"[list([1461354, 1461369, 1461384, 1461399, 1461413, 1461427, 1461441, 1461453, 1461465, 1461478, 1461489, 1461498, 1461506, 1461514, 1461523, 1461531, 1461540, 1461548, 1461556, 1461567, 1461627])]"
4662,[list([])]
4758,"[list([2391841, 2391842, 2391843, 2391847, 2391848, 2391849, 2391854])]"
4759,[list([])]
4760,[list([])]
4761,"[list([2377183, 2377201, 2377202, 2377204, 2377211, 2377213])]"
4763,[list([])]
4770,"[list([2299734, 2299756, 2299757, 2299763, 2299764, 2299790, 2299791, 2299795, 2299802, 2299803, 2299809, 2299818, 2299819, 2299820, 2299821, 2299829, 2299830, 2299831, 2299852, 2299855, 2299856, 2299884, 2299898])]"
4782,[list([])]
4783,"[list([1939718, 1939735, 1939754, 1939772, 1939795, 1939815, 1939832, 1939851])]"
4784,[list([])]
4785,"[list([1937505, 1937515, 1937526, 1937536, 1937545, 1937555, 1937567, 1937579, 1937591, 1937603, 1937616, 1937627, 1937638, 1937650, 1937661, 1937673, 1937685, 1937697, 1937709])]"
4787,"[list([1931318, 1931319, 1931320, 1931361, 1931362, 1931363, 1931407, 1931408, 1931409, 1931456, 1931457, 1931458, 1931504, 1931505, 1931506, 1931552, 1931553, 1931554, 1931600, 1931601, 1931602, 1931603, 1931650, 1931651, 1931652, 1931653, 1931698, 1931699, 1931700, 1931741, 1931742, 1931743, 1931785, 1931786, 1931787, 1931829, 1931830, 1931831, 1931832, 1931876, 1931877, 1931878, 1931879, 1931922, 1931923, 1931968])]"
4789,"[list([1924661, 1924663, 1924706, 1924707, 1924708, 1924710, 1924747, 1924748, 1924749, 1924751, 1924786, 1924787, 1924816, 1924817, 1924818, 1924819, 1924848, 1924849, 1924850, 1924875, 1924876, 1924877, 1924907, 1924908, 1924909, 1924944, 1924945, 1924946, 1924947, 1924979, 1924980, 1925007, 1925041, 1925746])]"
4793,"[list([1906283, 1906289, 1906295, 1906301, 1906307, 1906313, 1906320, 1906326, 1906334, 1906342, 1906351, 1906359, 1906366, 1906373, 1906380, 1906387, 1906394, 1906401, 1906408, 1906415, 1906422, 1906429, 1906436, 1906443, 1906450, 1906457, 1906464, 1906471, 1906478, 1906485, 1906492, 1906499, 1906506, 1906513, 1906520, 1906527, 1906534])]"
4800,"[list([1862240, 1862248, 1862258, 1862269, 1862279, 1862280, 1862290, 1862291, 1862302, 1862312, 1862322, 1862331, 1862342, 1862351, 1862352, 1862359, 1862360, 1862369, 1862370, 1862380, 1862381, 1862388, 1862389, 1862395, 1862396, 1862402, 1862403, 1862412, 1862413, 1862422, 1862423, 1862432, 1862441, 1862442, 1862451, 1862460, 1862461, 1862469, 1862470, 1862473, 1862474, 1862479, 1862485, 1862490, 1862494, 1862499, 1862502, 1862507, 1862511, 1862517])]"
4803,[list([])]
4809,"[list([1848885, 1848894])]"
4812,[list([1390310])]
4814,"[list([1388677, 1388681, 1388684, 1388693, 1388707, 1388708, 1388713, 1388717, 1388723, 1388724, 1388726, 1388727, 1388730, 1388736, 1388739, 1388741, 1388748, 1388749, 1388752, 1388754, 1388755, 1388759, 1388761, 1388764, 1388770, 1388774, 1388780, 1388781, 1388784, 1388790, 1388792, 1388793, 1388796, 1388799, 1388800, 1388801, 1388805, 1388806, 1388807, 1388812, 1388817])]"
4816,"[list([1386927, 1386934])]"
13855,"[list([2876492, 2876493, 2876522, 2876530, 2876535, 2876540, 2876545, 2876546, 2876553, 2876559, 2876564, 2876569, 2876570, 2876574, 2876575, 2876576, 2876577, 2876578, 2876580, 2876581, 2876584, 2876585, 2876586, 2876587, 2876590, 2876591, 2876592, 2876593, 2876598, 2876599, 2876600])]"
13863,[list([])]
13865,[list([])]
13866,"[list([2855482, 2855483, 2855484, 2855486, 2855487, 2855488, 2855491, 2855492, 2855493, 2855496, 2855497, 2855498, 2855501, 2855502, 2855503, 2855507, 2855508, 2855512, 2855513, 2855518, 2855523])]"
13867,[list([])]
13869,[list([2841373])]
13870,[list([])]
13873,[list([])]
13874,[list([])]
13879,[list([])]
13883,"[list([2827512, 2827517, 2827518, 2827519, 2827524, 2827525, 2827530])]"
13884,[list([])]
13887,"[list([2813047, 2813048, 2813049, 2813050, 2813051, 2813052, 2813060, 2813061, 2813062, 2813063, 2813064, 2813065, 2813075, 2813076, 2813077, 2813078, 2813079, 2813080, 2813089, 2813090, 2813091, 2813092, 2813093, 2813094, 2813108, 2813109, 2813110, 2813111, 2813112, 2813113, 2813123, 2813124, 2813125, 2813126, 2813127, 2813128, 2813139, 2813140, 2813141, 2813142, 2813143, 2813144, 2813155, 2813156, 2813157, 2813158, 2813159, 2813173, 2813174, 2813175, 2813176, 2813177, 2813191, 2813192, 2813193, 2813194, 2813210, 2813211, 2813212, 2813229])]"
13890,"[list([2775656, 2775662, 2775683, 2775684, 2775685, 2775686, 2775708, 2775711, 2775712, 2775738, 2775770, 2775771, 2775773, 2775804, 2775806, 2775807, 2775847, 2775887, 2775888, 2775927, 2775928, 2775929, 2775965, 2775966, 2775999, 2776000, 2776001, 2776032, 2776033, 2776034, 2776067])]"
13896,[list([])]
13903,[list([])]
13904,"[list([2706895, 2706907])]"
13905,"[list([2697250, 2697291, 2697301, 2697305, 2697315, 2697319, 2697375])]"
13906,"[list([2695044, 2695074, 2695077, 2695178, 2695179, 2695200, 2695238])]"
13977,"[list([2512367, 2512369])]"
14238,"[list([292570, 292571, 292575])]"
14242,[list([291279])]
14248,[list([])]
14250,[list([])]
14260,[list([])]
14261,[list([])]
14395,[list([])]
14396,[list([])]
14397,[list([])]
14404,[list([])]
14405,[list([])]
14407,[list([])]
14408,[list([])]
14415,[list([])]
14419,[list([])]
14420,[list([])]
14441,[list([])]
14448,[list([])]
14452,[list([])]
14453,[list([])]
14454,[list([])]
14457,[list([])]
14458,[list([])]
14460,"[list([3331437, 3331440, 3331510, 3331678, 3331704, 3331730, 3331754, 3331755, 3331783, 3331784, 3331785, 3331814, 3331815, 3331816, 3331817, 3331846, 3331847, 3331864, 3331865, 3331866, 3331867, 3331879, 3331880, 3331881, 3331882, 3331886, 3331887, 3331888, 3331895, 3331896, 3331897, 3331898, 3331899, 3331908, 3331910, 3331917, 3331919, 3331928, 3331929, 3331930, 3331931, 3331942, 3331943, 3331944, 3331959, 3331977])]"
14461,[list([])]
14464,[list([])]
14465,[list([])]
14468,[list([])]
14475,[list([])]
14480,"[list([3267619, 3267694, 3267774, 3267854, 3267855, 3267894, 3267895, 3267921, 3267932, 3267933, 3267934, 3267946, 3267947, 3267957, 3267958, 3267959, 3267969, 3267970, 3267981, 3267982, 3267983, 3267993, 3267994, 3268002, 3268003, 3268004, 3268013, 3268014, 3268026, 3268027, 3268038, 3268039, 3268065, 3268066])]"
14481,[list([])]
14483,[list([])]
14485,[list([])]
14486,[list([])]
14487,[list([])]
14488,[list([3247617])]
14492,[list([])]
14493,[list([])]
18387,"[list([3192113, 3192114, 3192131, 3192140, 3192143, 3192146, 3192156, 3192165, 3192177, 3192178])]"
18390,[list([])]
18391,[list([])]
18395,[list([])]
18400,[list([])]
18403,[list([])]
18406,[list([])]
18408,"[list([3168634, 3168635])]"
18410,[list([])]
18412,"[list([3163057, 3163064, 3163065, 3163073, 3163074, 3163083, 3163084, 3163093, 3163094, 3163095, 3163103, 3163104, 3163105, 3163114, 3163115, 3163116, 3163124, 3163125, 3163126, 3163134, 3163135, 3163136, 3163144, 3163145, 3163146, 3163154, 3163155, 3163156, 3163165, 3163166, 3163175, 3163176, 3163185, 3163186, 3163196])]"
18413,[list([3162449])]
18415,"[list([3161729, 3161730])]"
18417,"[list([3160802, 3160815, 3160816, 3160831, 3160848, 3160849, 3160867, 3160868, 3160884, 3160885, 3160899, 3160900, 3160914, 3160915, 3160929, 3160930, 3160944])]"
18420,[list([])]
18421,[list([])]
18423,[list([])]
18424,[list([])]
18425,"[list([3155975, 3155979])]"
18426,[list([])]
18430,[list([])]
18434,[list([])]
18441,[list([])]
18442,[list([])]
18446,[list([])]
18454,"[list([3114913, 3114914, 3114924, 3114925, 3114926, 3114927, 3114935, 3114936, 3114937, 3114938, 3114939, 3114948, 3114949, 3114950, 3114951, 3114952, 3114960, 3114961, 3114962, 3114963, 3114964, 3114965, 3114973, 3114974, 3114975, 3114976, 3114977, 3114978, 3114986, 3114987, 3114988, 3114989, 3114990, 3114991, 3114992, 3114999, 3115000, 3115001, 3115002, 3115003, 3115004, 3115005, 3115013, 3115014, 3115015, 3115016, 3115017, 3115018, 3115026, 3115027, 3115028, 3115029, 3115030, 3115031, 3115040, 3115041, 3115042, 3115043, 3115044, 3115045, 3115055, 3115056, 3115057, 3115058, 3115059, 3115060, 3115069, 3115070, 3115071, 3115072, 3115073, 3115074, 3115084, 3115085, 3115086, 3115087, 3115088, 3115098, 3115099, 3115100, 3115101, 3115114])]"
18460,"[list([3103208, 3103209, 3103213, 3103214, 3103215, 3103218, 3103219, 3103220, 3103221])]"
18463,[list([])]
18464,[list([])]
18466,[list([])]
18467,[list([])]
18470,[list([])]
18471,[list([])]
18472,[list([])]
18475,[list([])]
18476,[list([])]
18477,[list([])]
18480,[list([])]
18482,"[list([3059105, 3059106, 3059107])]"
18486,[list([])]
18487,[list([3054504])]
18488,"[list([3053023, 3053043, 3053050, 3053057, 3053066, 3053107, 3053112])]"
18491,[list([])]
18492,[list([])]
18495,[list([])]
18496,[list([])]
18499,"[list([2967132, 2967137])]"
18500,"[list([2962391, 2962405, 2962423, 2962542, 2962555, 2962565, 2962587, 2962592, 2962599])]"
18501,"[list([2952310, 2952362, 2952410, 2952601, 2952705, 2952706, 2952707, 2952708, 2952757, 2952758, 2952759, 2952760, 2952811, 2952859, 2952906, 2952992, 2953028, 2953058, 2953098, 2953099, 2953100, 2953142, 2953181, 2953215, 2953294, 2953324, 2953360, 2953396, 2953430])]"
18505,"[list([2933148, 2933169, 2933172, 2933176, 2933184])]"
18506,"[list([2933128, 2933138, 2933139, 2933144, 2933147, 2933148, 2933161, 2933162, 2933165, 2933169, 2933172, 2933173, 2933176, 2933184])]"
18519,[list([])]
18532,[list([])]
18534,"[list([2915241, 2915266])]"
18535,"[list([2909166, 2909183, 2909229, 2909323, 2909324, 2909335, 2909336, 2909349, 2909363, 2909396, 2909429, 2909430])]"
18536,[list([])]
18539,[list([])]
18542,[list([])]
18544,"[list([2683434, 2683438, 2683443, 2683447, 2683459, 2683463, 2683467, 2683472, 2683489, 2683501])]"
18548,"[list([2676481, 2676493, 2676494, 2676502, 2676507, 2676511, 2676518, 2676520])]"
18550,"[list([2635883, 2635884, 2635885, 2635886, 2635892, 2635893, 2635894, 2635895, 2635896, 2635902, 2635903, 2635904, 2635905, 2635906, 2635907, 2635915, 2635916, 2635917, 2635918, 2635919, 2635920, 2635921, 2635926, 2635927, 2635928, 2635929, 2635930, 2635931, 2635932, 2635933, 2635939, 2635940, 2635941, 2635942, 2635943, 2635944, 2635945, 2635946, 2635952, 2635953, 2635954, 2635955, 2635956, 2635957, 2635964, 2635965, 2635966, 2635967, 2635968, 2635975, 2635976, 2635977, 2635978, 2635979, 2635985, 2635986, 2635987, 2635988, 2635989, 2635990, 2635996, 2635997, 2635998, 2635999, 2636000, 2636007, 2636008, 2636009, 2636010, 2636020, 2636021, 2636022, 2636032, 2636033, 2636034, 2636046, 2636047])]"
18554,"[list([2628707, 2628718, 2628724, 2628725, 2628732, 2628733, 2628741, 2628742, 2628743, 2628753, 2628754, 2628755, 2628762, 2628763, 2628764, 2628765, 2628771, 2628772, 2628773, 2628774, 2628780, 2628781, 2628782, 2628783, 2628790, 2628791, 2628792, 2628793, 2628801, 2628802, 2628803, 2628804, 2628813, 2628814, 2628815, 2628823, 2628824, 2628825, 2628835, 2628836, 2628837, 2628846, 2628847, 2628848, 2628849, 2628858, 2628859, 2628869, 2628870, 2628871, 2628883])]"
18558,[list([])]
18559,"[list([2579814, 2580019, 2580035])]"
18560,"[list([2578675, 2578706, 2578707, 2578708, 2578709, 2578734, 2578735, 2578736, 2578737, 2578738, 2578762, 2578763, 2578764, 2578765, 2578766, 2578792, 2578793, 2578794, 2578795, 2578796, 2578824, 2578825, 2578826, 2578827, 2578828, 2578853, 2578854, 2578855, 2578856, 2578857, 2578885, 2578886, 2578887, 2578888, 2578889, 2578919, 2578920, 2578921, 2578922, 2578923, 2578950, 2578951, 2578952, 2578953, 2578954, 2578979, 2578980, 2578981, 2578982, 2578983, 2579012, 2579013, 2579014, 2579015, 2579016, 2579039, 2579040, 2579041, 2579042, 2579043, 2579062, 2579063, 2579064, 2579065, 2579066, 2579081, 2579082, 2579083, 2579084, 2579085, 2579099, 2579100, 2579101, 2579102, 2579103, 2579117, 2579118, 2579119, 2579120, 2579137, 2579138, 2579139, 2579140, 2579151, 2579152, 2579153, 2579154, 2579155, 2579165, 2579166, 2579167, 2579168, 2579178, 2579179, 2579180, 2579189])]"
18561,[list([])]
18566,"[list([332983, 332984, 332985, 332986, 332992, 332993, 332994, 333000, 333001])]"
18567,"[list([330431, 330432, 330433, 330434, 330435, 330444, 330445, 330446, 330447, 330448, 330449, 330450, 330451, 330452, 330459])]"
18573,[list([])]
18577,"[list([312353, 312354, 312375, 312376, 312377, 312378, 312379, 312398, 312399, 312400, 312401, 312402, 312403, 312416, 312417, 312418, 312419, 312420, 312421, 312435, 312436, 312437, 312438, 312450, 312451, 312452, 312453])]"
18580,"[list([302391, 302392, 302393, 302410, 302411, 302412, 302413, 302414, 302427, 302428, 302429, 302430, 302431, 302452, 302453, 302454, 302455, 302456, 302457, 302458, 302459, 302478, 302479, 302480, 302481, 302482, 302483, 302484, 302485, 302486, 302506, 302507, 302508, 302509, 302522, 302534, 302548])]"
18581,"[list([301623, 301624, 301625, 301638, 301639, 301640, 301641, 301642, 301649, 301650, 301651, 301652, 301653, 301654, 301655, 301661, 301662, 301663, 301664, 301665, 301666, 301667, 301674, 301675, 301676, 301677, 301678, 301679, 301680, 301681, 301682, 301688, 301689, 301690, 301691, 301692, 301693, 301694, 301695, 301696, 301701, 301702, 301703, 301704, 301705, 301706, 301707, 301708, 301709, 301710, 301711, 301718, 301719, 301720, 301721, 301722, 301723, 301724, 301725, 301726, 301727, 301736, 301737, 301738, 301739, 301740, 301741, 301742, 301743, 301744, 301745, 301746, 301759, 301760, 301761, 301762, 301763, 301764, 301765, 301766, 301767, 301768, 301780, 301781, 301782, 301783, 301784, 301785, 301786, 301787, 301788, 301789, 301798, 301799, 301800, 301801, 301802, 301803, 301804, 301805, 301806, 301807, 301808, 301809, 301821, 301822, 301823, 301824, 301825, 301826, 301827, 301828, 301829, 301830, 301831, 301832, 301849, 301850, 301851, 301852, 301853, 301854, 301855, 301856, 301857, 301858, 301859, 301860, 301881, 301882, 301883, 301884, 301885, 301886, 301887, 301888, 301889, 301890, 301891, 301892, 301907, 301908, 301909, 301910, 301911, 301912, 301913, 301914, 301915, 301916, 301917, 301930, 301931, 301932, 301933, 301934, 301935, 301936, 301937, 301953, 301954, 301955, 301956, 301957, 301958, 301974, 301975, 301976, 301977, 301991, 301992, 301994])]"
18582,"[list([298822, 298842, 298843, 298844, 298845, 298846, 298859, 298860, 298861, 298862, 298863, 298864, 298884, 298885, 298886, 298887, 298888, 298889, 298890, 298908, 298909, 298910, 298911, 298912, 298913, 298914, 298931, 298932, 298933, 298934, 298935, 298936, 298937, 298958, 298959, 298960, 298961, 298962, 298963, 298981, 299004])]"
18584,"[list([297781, 297782, 297783, 297792, 297793, 297794, 297802, 297803])]"
18585,"[list([295966, 295967, 295984, 295985, 295986, 295987, 296006, 296007, 296008, 296009, 296010, 296011, 296026, 296027, 296028, 296029, 296030, 296031, 296032, 296033, 296050, 296051, 296052, 296053, 296054, 296055, 296056, 296057, 296072, 296073, 296074, 296075, 296076, 296077, 296078, 296079, 296080, 296092, 296093, 296094, 296095, 296096, 296097, 296098, 296099, 296100, 296114, 296115, 296116, 296117, 296118, 296119, 296120, 296121, 296122, 296133, 296134, 296135, 296136, 296137, 296138, 296139, 296140, 296141, 296142, 296153, 296154, 296155, 296156, 296157, 296158, 296159, 296160, 296161, 296162, 296173, 296174, 296175, 296176, 296177, 296178, 296179, 296180, 296181, 296182, 296183, 296190, 296191, 296192, 296193, 296194, 296195, 296196, 296197, 296198, 296199, 296200, 296201, 296207, 296208, 296209, 296210, 296211, 296212, 296213, 296214, 296215, 296216, 296217, 296218, 296222, 296223, 296224, 296225, 296226, 296227, 296228, 296229, 296230, 296231, 296232, 296233, 296237, 296238, 296239, 296240, 296241, 296242, 296243, 296244, 296245, 296246, 296249, 296250, 296251, 296252, 296257, 296258, 296259])]"
18586,[list([295556])]
18587,"[list([294897, 294898, 294923, 294944, 294945, 294965, 294966, 294967, 294968, 294989, 294990, 294991, 294992, 294993, 294994, 295012, 295013, 295014, 295015, 295016, 295017, 295018, 295036, 295037, 295038, 295039, 295040, 295041, 295042, 295061, 295062, 295063, 295064, 295065, 295066, 295088, 295089, 295090, 295091, 295092, 295093, 295094, 295095, 295096, 295110, 295111, 295112, 295113, 295114, 295115, 295116, 295117, 295132, 295133, 295134, 295135, 295136, 295137, 295138, 295139, 295149, 295150, 295151, 295152, 295153, 295154, 295155, 295156, 295166, 295167, 295168, 295169, 295170, 295171, 295172, 295180, 295181, 295182, 295183, 295184, 295188, 295189, 295190, 295195, 295196, 295197, 295207, 295208, 295220])]"
18588,[list([])]
18590,"[list([602119, 602120, 602129, 602130, 602131, 602132, 602140, 602141, 602142, 602143, 602150, 602151, 602152, 602153, 602154, 602161, 602162, 602163, 602164, 602165, 602171, 602172, 602173, 602174, 602175, 602178, 602179, 602180, 602181, 602182, 602183, 602185, 602186, 602187, 602188, 602189, 602190, 602192, 602193, 602194, 602195, 602196, 602197, 602199, 602200, 602201, 602202, 602203, 602204, 602205, 602206, 602207, 602208, 602209, 602210])]"
18593,[list([])]
18595,[list([])]
18596,"[list([600130, 600131, 600137, 600138, 600144, 600145, 600146, 600152, 600153, 600154, 600158, 600159, 600160, 600161, 600166, 600167, 600168, 600169, 600174, 600175, 600176, 600177, 600183, 600184, 600185, 600186])]"
18602,[list([])]
18604,[list([])]
18607,[list([])]
18609,[list([])]
18613,[list([])]
18614,"[list([583044, 583054])]"
18616,"[list([582030, 582039, 582040, 582048, 582049, 582057, 582058, 582059, 582066, 582067, 582068, 582075, 582076, 582077, 582083, 582084, 582090, 582091, 582097, 582098, 582104, 582105, 582110, 582111, 582116, 582117, 582123, 582124, 582131, 582162])]"
18617,[list([])]
18622,"[list([572759, 572767, 572776, 572777, 572785, 572786, 572798, 572799, 572809, 572810, 572811, 572817, 572818, 572819, 572826, 572827, 572828, 572834, 572835, 572836, 572842, 572843, 572844, 572858, 572859, 572860])]"
18626,"[list([569304, 569310])]"
18627,[list([566405])]
18634,"[list([560394, 560396, 560397, 560398, 560399, 560400, 560401, 560402, 560403, 560404, 560405, 560406])]"
18636,[list([])]
18640,[list([])]
18641,"[list([549061, 549062, 549063, 549064, 549065])]"
18647,"[list([500904, 500906, 500923, 500924, 500925, 500926, 500927, 500928, 500929, 500944, 500945, 500946, 500947, 500948, 500949, 500950, 500951, 500952, 500965, 500966, 500967, 500968, 500969, 500970, 500971, 500972, 500973, 500974, 500975, 500989, 500990, 500991, 500992, 500993, 500994, 500995, 500996, 500997, 500998, 500999, 501000, 501001, 501013, 501014, 501015, 501016, 501017, 501018, 501019, 501020, 501021, 501022, 501023, 501024, 501025, 501038, 501039, 501040, 501041, 501042, 501043, 501044, 501045, 501046, 501047, 501048, 501049, 501050, 501051, 501052, 501063, 501064, 501065, 501066, 501067, 501068, 501069, 501070, 501071, 501072, 501073, 501074, 501075, 501076, 501077, 501087, 501088, 501089, 501090, 501091, 501092, 501093, 501094, 501095, 501096, 501097, 501098, 501099, 501100, 501101, 501102, 501111, 501112, 501113, 501114, 501115, 501116, 501117, 501118, 501119, 501120, 501121, 501122, 501123, 501124, 501125, 501126])]"
18648,[list([])]
18653,[list([])]
18654,[list([])]
18655,"[list([494199, 494213, 494214, 494215, 494228, 494229, 494230, 494231, 494243, 494244, 494245, 494246, 494247, 494257, 494258, 494259, 494260, 494261, 494262, 494272, 494273, 494274, 494275, 494276, 494277, 494288, 494289, 494290, 494291, 494292, 494293, 494305, 494306, 494307, 494308, 494309, 494310, 494311, 494319, 494320, 494321, 494322, 494323, 494324, 494325, 494326, 494334, 494335, 494336, 494337, 494338, 494339, 494340, 494341, 494350, 494351, 494352, 494353, 494354, 494355, 494356, 494357, 494367, 494368, 494369, 494370, 494371, 494372, 494373, 494383, 494384, 494385, 494386, 494387, 494388, 494389, 494399, 494400, 494401])]"
18656,"[list([493782, 493783, 493791, 493792, 493793, 493802, 493803, 493804])]"
18658,"[list([492121, 492122, 492127, 492128, 492129, 492137, 492138, 492139, 492148, 492149, 492155, 492156, 492157, 492162, 492163, 492167])]"
18660,[list([])]
18661,[list([])]
18662,[list([])]
18664,[list([])]
18672,[list([])]
18675,[list([])]
18677,[list([])]
18680,[list([])]
18684,[list([])]
18685,[list([])]
18868,[list([])]
18869,[list([3031745])]
18871,[list([])]
18877,"[list([3016208, 3016216, 3016224, 3016235, 3016241, 3016255, 3016257, 3016258, 3016260, 3016264])]"
18880,[list([])]
18885,"[list([3007693, 3007701, 3007702, 3007709, 3007710, 3007718, 3007719, 3007724, 3007725, 3007732, 3007733, 3007744, 3007745, 3007748, 3007754, 3007755, 3007756, 3007765, 3007766, 3007767, 3007780])]"
18887,"[list([3002650, 3002669, 3002670, 3002690, 3002691, 3002711, 3002712, 3002732, 3002733, 3002734, 3002756, 3002779, 3002780, 3002799, 3002801, 3002817, 3002818, 3002820, 3002839, 3002876, 3002884, 3002900, 3002911, 3002912, 3002913, 3002930, 3002931, 3002932, 3002933, 3002954, 3002955, 3002956, 3002957, 3002958, 3002959, 3002960, 3002979, 3002980, 3002981, 3002982, 3002983, 3002984, 3003001, 3003002, 3003003, 3003004, 3003005, 3003026, 3003027, 3003028, 3003029, 3003049, 3003050, 3003051, 3003069, 3003070, 3003071, 3003072, 3003096, 3003097, 3003098, 3003115, 3003116, 3003138, 3003139, 3003140, 3003165])]"
18888,[list([])]
18889,[list([])]
18890,[list([])]
18891,"[list([2991579, 2991592, 2991606, 2991614, 2991621, 2991631, 2991640, 2991641, 2991650, 2991661, 2991670])]"
18892,[list([])]
18893,[list([])]
18894,[list([])]
18895,[list([])]
18896,"[list([2987038, 2987046, 2987084, 2987091, 2987096, 2987109, 2987114])]"
18900,[list([2986653])]
18902,"[list([2985040, 2985043, 2985044, 2985045, 2985050, 2985051, 2985052, 2985053, 2985055, 2985056, 2985057, 2985058, 2985059, 2985064, 2985065, 2985066, 2985067, 2985068, 2985071, 2985072, 2985073, 2985074, 2985075, 2985079, 2985080, 2985081, 2985082, 2985083, 2985087, 2985088, 2985089, 2985090, 2985091, 2985095, 2985096, 2985097, 2985098, 2985099, 2985104, 2985105, 2985106])]"
18905,[list([])]
18906,[list([])]
18907,[list([])]
18908,"[list([2976706, 2976708, 2976709])]"
18909,[list([])]
18910,[list([])]
18912,[list([])]
18913,[list([])]
18914,[list([])]
18917,[list([])]
18920,[list([])]
18922,[list([])]
18923,[list([])]
18925,[list([])]
18926,[list([])]
18928,[list([])]
18929,[list([])]
18936,[list([])]
18937,[list([])]
