SignId,Id,X,Y,Z,Retro,UTC,
1,37456,33.7872584,-84.4055621,244.938,43690.00,66090.34963,
1,37457,33.7872583,-84.4055620,244.848,47545.00,66090.34966,
1,37458,33.7872582,-84.4055617,244.759,48830.00,66090.34970,
1,37459,33.7872581,-84.4055615,244.672,49344.00,66090.34973,
1,37520,33.7872580,-84.4055621,245.047,49087.00,66090.36291,
1,37521,33.7872580,-84.4055620,244.957,49344.00,66090.36294,
1,37522,33.7872579,-84.4055618,244.868,49087.00,66090.36298,
1,37523,33.7872578,-84.4055617,244.780,49858.00,66090.36301,
1,37524,33.7872578,-84.4055615,244.691,49344.00,66090.36304,
1,37525,33.7872577,-84.4055613,244.604,49087.00,66090.36307,
1,37588,33.7872577,-84.4055621,245.063,49087.00,66090.37623,
1,37589,33.7872576,-84.4055619,244.976,49087.00,66090.37626,
1,37590,33.7872575,-84.4055618,244.888,49087.00,66090.37629,
1,37591,33.7872574,-84.4055615,244.802,49344.00,66090.37633,
1,37592,33.7872574,-84.4055615,244.712,49344.00,66090.37636,
1,37593,33.7872573,-84.4055613,244.626,49344.00,66090.37639,
1,37594,33.7872572,-84.4055612,244.538,46260.00,66090.37642,
1,37656,33.7872573,-84.4055622,245.078,50115.00,66090.38954,
1,37657,33.7872572,-84.4055620,244.992,49601.00,66090.38957,
1,37658,33.7872572,-84.4055619,244.904,48830.00,66090.38960,
1,37659,33.7872571,-84.4055617,244.819,49344.00,66090.38964,
1,37660,33.7872570,-84.4055614,244.735,49344.00,66090.38967,
1,37661,33.7872569,-84.4055612,244.651,49087.00,66090.38970,
1,37662,33.7872568,-84.4055610,244.565,49344.00,66090.38973,
1,37725,33.7872570,-84.4055622,245.179,46003.00,66090.40282,
1,37726,33.7872569,-84.4055621,245.094,49087.00,66090.40285,
1,37727,33.7872568,-84.4055619,245.009,49344.00,66090.40288,
1,37728,33.7872568,-84.4055618,244.924,49344.00,66090.40291,
1,37729,33.7872567,-84.4055617,244.837,49344.00,66090.40295,
1,37730,33.7872566,-84.4055614,244.756,49087.00,66090.40298,
1,37731,33.7872565,-84.4055613,244.670,48830.00,66090.40301,
1,37732,33.7872565,-84.4055612,244.584,49087.00,66090.40305,
1,37733,33.7872564,-84.4055609,244.502,49344.00,66090.40308,
1,37791,33.7872566,-84.4055622,245.194,49087.00,66090.41613,
1,37792,33.7872565,-84.4055620,245.112,49601.00,66090.41616,
1,37793,33.7872565,-84.4055619,245.027,49344.00,66090.41620,
1,37794,33.7872565,-84.4055619,244.940,49344.00,66090.41623,
1,37795,33.7872563,-84.4055616,244.860,49087.00,66090.41626,
1,37796,33.7872563,-84.4055615,244.775,48830.00,66090.41630,
1,37797,33.7872562,-84.4055612,244.693,49344.00,66090.41633,
1,37798,33.7872561,-84.4055612,244.607,49344.00,66090.41636,
1,37799,33.7872560,-84.4055610,244.525,49344.00,66090.41639,
1,37800,33.7872560,-84.4055609,244.439,49344.00,66090.41643,
1,37856,33.7872562,-84.4055621,245.212,49344.00,66090.42944,
1,37857,33.7872562,-84.4055622,245.127,49601.00,66090.42948,
1,37858,33.7872561,-84.4055618,245.047,49087.00,66090.42951,
1,37859,33.7872560,-84.4055617,244.964,49344.00,66090.42954,
1,37860,33.7872560,-84.4055616,244.880,49087.00,66090.42958,
1,37861,33.7872559,-84.4055613,244.801,49344.00,66090.42961,
1,37862,33.7872558,-84.4055613,244.716,48830.00,66090.42964,
1,37863,33.7872557,-84.4055611,244.634,49087.00,66090.42967,
1,37864,33.7872556,-84.4055609,244.553,49087.00,66090.42971,
1,37865,33.7872556,-84.4055609,244.468,49087.00,66090.42974,
1,37922,33.7872559,-84.4055622,245.226,49344.00,66090.44275,
1,37923,33.7872558,-84.4055619,245.146,48830.00,66090.44279,
1,37924,33.7872557,-84.4055618,245.064,49601.00,66090.44282,
1,37925,33.7872556,-84.4055617,244.983,49087.00,66090.44285,
1,37926,33.7872556,-84.4055617,244.897,49087.00,66090.44289,
1,37927,33.7872555,-84.4055615,244.818,49344.00,66090.44292,
1,37928,33.7872554,-84.4055613,244.738,49344.00,66090.44295,
1,37929,33.7872554,-84.4055612,244.656,49087.00,66090.44298,
1,37930,33.7872554,-84.4055611,244.572,49601.00,66090.44302,
1,37931,33.7872552,-84.4055607,244.495,48830.00,66090.44305,
1,37932,33.7872552,-84.4055608,244.410,49087.00,66090.44308,
1,37986,33.7872554,-84.4055619,245.244,49344.00,66090.45607,
1,37987,33.7872554,-84.4055620,245.160,49344.00,66090.45610,
1,37988,33.7872554,-84.4055619,245.079,49344.00,66090.45613,
1,37989,33.7872553,-84.4055617,245.000,49344.00,66090.45617,
1,37990,33.7872552,-84.4055616,244.920,49344.00,66090.45620,
1,37991,33.7872552,-84.4055615,244.838,48830.00,66090.45623,
1,37992,33.7872551,-84.4055613,244.758,48830.00,66090.45626,
1,37993,33.7872550,-84.4055611,244.679,49344.00,66090.45630,
1,37994,33.7872550,-84.4055610,244.598,49087.00,66090.45633,
1,37995,33.7872548,-84.4055607,244.521,49344.00,66090.45636,
1,37996,33.7872548,-84.4055607,244.439,49087.00,66090.45640,
1,38049,33.7872551,-84.4055621,245.257,49858.00,66090.46938,
1,38050,33.7872550,-84.4055620,245.178,49087.00,66090.46941,
1,38051,33.7872550,-84.4055619,245.098,49601.00,66090.46944,
1,38052,33.7872549,-84.4055617,245.019,49087.00,66090.46948,
1,38053,33.7872548,-84.4055615,244.941,49344.00,66090.46951,
1,38054,33.7872547,-84.4055614,244.863,48830.00,66090.46954,
1,38055,33.7872547,-84.4055612,244.784,49087.00,66090.46958,
1,38056,33.7872546,-84.4055611,244.704,49344.00,66090.46961,
1,38057,33.7872546,-84.4055610,244.623,49601.00,66090.46964,
1,38058,33.7872545,-84.4055607,244.548,49087.00,66090.46967,
1,38059,33.7872544,-84.4055607,244.467,48573.00,66090.46971,
1,38060,33.7872544,-84.4055606,244.386,45232.00,66090.46974,
1,38116,33.7872547,-84.4055620,245.273,49601.00,66090.48269,
1,38117,33.7872546,-84.4055618,245.196,49344.00,66090.48272,
1,38118,33.7872545,-84.4055617,245.117,49601.00,66090.48275,
1,38119,33.7872545,-84.4055617,245.038,48316.00,66090.48279,
1,38120,33.7872545,-84.4055616,244.960,48830.00,66090.48282,
1,38121,33.7872544,-84.4055613,244.883,49087.00,66090.48285,
1,38122,33.7872543,-84.4055613,244.804,49344.00,66090.48289,
1,38123,33.7872543,-84.4055612,244.726,49344.00,66090.48292,
1,38124,33.7872541,-84.4055608,244.654,49087.00,66090.48295,
1,38125,33.7872542,-84.4055610,244.568,48830.00,66090.48298,
1,38126,33.7872540,-84.4055606,244.496,48830.00,66090.48302,
1,38127,33.7872540,-84.4055605,244.417,48573.00,66090.48305,
1,38183,33.7872543,-84.4055620,245.289,48059.00,66090.49600,
1,38184,33.7872543,-84.4055619,245.212,48830.00,66090.49603,
1,38185,33.7872542,-84.4055618,245.135,49087.00,66090.49607,
1,38186,33.7872541,-84.4055616,245.059,49087.00,66090.49610,
1,38187,33.7872541,-84.4055617,244.979,49344.00,66090.49613,
1,38188,33.7872540,-84.4055614,244.905,49087.00,66090.49617,
1,38189,33.7872540,-84.4055614,244.825,49344.00,66090.49620,
1,38190,33.7872539,-84.4055612,244.749,49087.00,66090.49623,
1,38191,33.7872538,-84.4055609,244.676,49344.00,66090.49626,
1,38192,33.7872538,-84.4055609,244.597,49344.00,66090.49630,
1,38193,33.7872537,-84.4055607,244.521,49344.00,66090.49633,
1,38194,33.7872536,-84.4055605,244.446,49087.00,66090.49636,
1,38254,33.7872539,-84.4055619,245.230,49344.00,66090.50935,
1,38255,33.7872538,-84.4055616,245.156,49087.00,66090.50938,
1,38256,33.7872538,-84.4055618,245.076,49344.00,66090.50941,
1,38257,33.7872537,-84.4055615,245.003,49087.00,66090.50945,
1,38258,33.7872536,-84.4055614,244.927,48830.00,66090.50948,
1,38259,33.7872536,-84.4055613,244.852,49087.00,66090.50951,
1,38260,33.7872535,-84.4055611,244.776,49344.00,66090.50954,
1,38261,33.7872534,-84.4055610,244.700,49344.00,66090.50958,
1,38262,33.7872534,-84.4055610,244.623,49344.00,66090.50961,
1,38263,33.7872533,-84.4055607,244.550,49087.00,66090.50964,
1,38264,33.7872532,-84.4055606,244.474,49087.00,66090.50967,
1,38265,33.7872532,-84.4055605,244.397,48830.00,66090.50971,
1,38318,33.7872535,-84.4055619,245.247,49601.00,66090.52266,
1,38319,33.7872534,-84.4055618,245.171,49087.00,66090.52269,
1,38320,33.7872534,-84.4055617,245.097,49344.00,66090.52272,
1,38321,33.7872533,-84.4055616,245.021,49087.00,66090.52276,
1,38322,33.7872533,-84.4055615,244.948,49087.00,66090.52279,
1,38323,33.7872531,-84.4055612,244.877,48573.00,66090.52282,
1,38324,33.7872531,-84.4055612,244.800,48830.00,66090.52285,
1,38325,33.7872531,-84.4055611,244.725,48830.00,66090.52289,
1,38326,33.7872530,-84.4055609,244.650,49087.00,66090.52292,
1,38327,33.7872529,-84.4055607,244.579,49344.00,66090.52295,
1,38328,33.7872528,-84.4055605,244.506,49087.00,66090.52299,
1,38329,33.7872528,-84.4055605,244.427,49344.00,66090.52302,
1,38381,33.7872531,-84.4055618,245.266,49858.00,66090.53597,
1,38382,33.7872530,-84.4055616,245.194,48830.00,66090.53600,
1,38383,33.7872529,-84.4055615,245.121,49087.00,66090.53604,
1,38384,33.7872529,-84.4055616,245.044,49344.00,66090.53607,
1,38385,33.7872529,-84.4055614,244.972,49087.00,66090.53610,
1,38386,33.7872528,-84.4055613,244.899,48830.00,66090.53614,
1,38387,33.7872527,-84.4055611,244.827,49087.00,66090.53617,
1,38388,33.7872527,-84.4055611,244.752,49087.00,66090.53620,
1,38389,33.7872526,-84.4055610,244.678,49344.00,66090.53623,
1,38390,33.7872525,-84.4055607,244.608,49087.00,66090.53627,
1,38391,33.7872525,-84.4055605,244.536,49344.00,66090.53630,
1,38392,33.7872524,-84.4055605,244.461,49087.00,66090.53633,
1,38445,33.7872527,-84.4055618,245.285,48573.00,66090.54928,
1,38446,33.7872526,-84.4055617,245.213,49601.00,66090.54931,
1,38447,33.7872525,-84.4055615,245.142,49344.00,66090.54935,
1,38448,33.7872525,-84.4055615,245.069,49087.00,66090.54938,
1,38449,33.7872525,-84.4055614,244.996,49344.00,66090.54941,
1,38450,33.7872524,-84.4055613,244.923,49344.00,66090.54944,
1,38451,33.7872524,-84.4055612,244.852,49087.00,66090.54948,
1,38452,33.7872523,-84.4055610,244.781,49344.00,66090.54951,
1,38453,33.7872523,-84.4055610,244.707,48830.00,66090.54954,
1,38454,33.7872522,-84.4055608,244.636,49087.00,66090.54957,
1,38455,33.7872521,-84.4055607,244.564,49601.00,66090.54961,
1,38456,33.7872520,-84.4055605,244.493,49087.00,66090.54964,
1,38513,33.7872522,-84.4055617,245.232,49344.00,66090.56262,
1,38514,33.7872522,-84.4055616,245.160,49344.00,66090.56265,
1,38515,33.7872521,-84.4055615,245.089,49087.00,66090.56269,
1,38516,33.7872521,-84.4055614,245.018,48830.00,66090.56272,
1,38517,33.7872520,-84.4055613,244.947,49601.00,66090.56275,
1,38518,33.7872520,-84.4055611,244.877,48830.00,66090.56278,
1,38519,33.7872519,-84.4055611,244.805,49601.00,66090.56282,
1,38520,33.7872519,-84.4055609,244.735,49087.00,66090.56285,
1,38521,33.7872518,-84.4055608,244.666,49601.00,66090.56288,
1,38522,33.7872517,-84.4055606,244.595,49601.00,66090.56291,
1,38523,33.7872517,-84.4055605,244.524,49087.00,66090.56295,
1,38580,33.7872518,-84.4055615,245.181,48830.00,66090.57597,
1,38581,33.7872517,-84.4055614,245.111,49087.00,66090.57600,
1,38582,33.7872517,-84.4055614,245.041,49601.00,66090.57603,
1,38583,33.7872516,-84.4055612,244.973,49344.00,66090.57606,
1,38584,33.7872516,-84.4055611,244.903,49087.00,66090.57610,
1,38585,33.7872515,-84.4055609,244.834,49087.00,66090.57613,
1,38586,33.7872515,-84.4055609,244.763,48830.00,66090.57616,
1,38587,33.7872514,-84.4055607,244.697,48573.00,66090.57620,
1,38588,33.7872513,-84.4055606,244.626,48830.00,66090.57623,
1,38589,33.7872513,-84.4055606,244.553,49601.00,66090.57626,
1,38648,33.7872514,-84.4055615,245.133,49344.00,66090.58931,
1,38649,33.7872513,-84.4055614,245.065,48830.00,66090.58934,
1,38650,33.7872512,-84.4055611,244.999,48830.00,66090.58938,
1,38651,33.7872512,-84.4055611,244.928,48573.00,66090.58941,
1,38652,33.7872511,-84.4055609,244.863,49344.00,66090.58944,
1,38653,33.7872511,-84.4055610,244.790,49087.00,66090.58947,
1,38654,33.7872510,-84.4055608,244.723,49087.00,66090.58951,
1,38655,33.7872510,-84.4055606,244.657,49087.00,66090.58954,
1,38656,33.7872509,-84.4055605,244.587,48573.00,66090.58957,
1,38713,33.7872509,-84.4055613,245.090,48573.00,66090.60265,
1,38714,33.7872509,-84.4055612,245.022,49858.00,66090.60269,
1,38715,33.7872508,-84.4055612,244.953,49344.00,66090.60272,
1,38716,33.7872508,-84.4055610,244.887,48059.00,66090.60275,
1,38717,33.7872507,-84.4055609,244.820,49601.00,66090.60279,
1,38718,33.7872506,-84.4055608,244.754,49087.00,66090.60282,
1,38719,33.7872506,-84.4055606,244.688,49344.00,66090.60285,
1,38720,33.7872505,-84.4055605,244.620,48316.00,66090.60288,
1,38775,33.7872504,-84.4055611,245.048,48316.00,66090.61600,
1,38776,33.7872504,-84.4055611,244.981,49601.00,66090.61603,
1,38777,33.7872504,-84.4055610,244.915,48830.00,66090.61607,
1,38778,33.7872503,-84.4055607,244.852,48316.00,66090.61610,
1,38779,33.7872503,-84.4055608,244.783,48059.00,66090.61613,
1,38780,33.7872502,-84.4055606,244.718,46517.00,66090.61616,
2,40662,33.7872594,-84.4056250,245.123,46517.00,66091.02853,
2,40663,33.7872594,-84.4056249,245.033,48830.00,66091.02856,
2,40664,33.7872593,-84.4056247,244.942,48830.00,66091.02859,
2,40665,33.7872592,-84.4056246,244.849,49344.00,66091.02862,
2,40666,33.7872591,-84.4056245,244.759,49087.00,66091.02866,
2,40720,33.7872590,-84.4056249,245.141,48830.00,66091.04184,
2,40721,33.7872589,-84.4056246,245.053,48830.00,66091.04187,
2,40722,33.7872589,-84.4056249,244.958,49087.00,66091.04191,
2,40723,33.7872588,-84.4056246,244.871,49087.00,66091.04194,
2,40724,33.7872587,-84.4056244,244.781,49344.00,66091.04197,
2,40725,33.7872586,-84.4056243,244.691,48830.00,66091.04200,
2,40783,33.7872585,-84.4056249,245.159,48830.00,66091.05516,
2,40784,33.7872585,-84.4056248,245.070,48830.00,66091.05519,
2,40785,33.7872584,-84.4056247,244.981,49087.00,66091.05523,
2,40786,33.7872583,-84.4056245,244.894,49087.00,66091.05526,
2,40787,33.7872583,-84.4056245,244.802,49087.00,66091.05529,
2,40788,33.7872582,-84.4056244,244.714,48573.00,66091.05532,
2,40789,33.7872581,-84.4056242,244.626,47802.00,66091.05536,
2,40841,33.7872583,-84.4056253,245.262,49087.00,66091.06845,
2,40842,33.7872581,-84.4056250,245.176,48830.00,66091.06848,
2,40843,33.7872580,-84.4056248,245.090,49087.00,66091.06851,
2,40844,33.7872580,-84.4056248,245.002,48573.00,66091.06854,
2,40845,33.7872579,-84.4056247,244.914,49344.00,66091.06858,
2,40846,33.7872579,-84.4056245,244.827,49344.00,66091.06861,
2,40847,33.7872578,-84.4056244,244.740,49087.00,66091.06864,
2,40848,33.7872577,-84.4056243,244.653,48059.00,66091.06868,
2,40849,33.7872576,-84.4056241,244.566,47288.00,66091.06871,
2,40902,33.7872577,-84.4056251,245.281,49344.00,66091.08177,
2,40903,33.7872577,-84.4056250,245.195,48830.00,66091.08180,
2,40904,33.7872577,-84.4056250,245.107,49087.00,66091.08183,
2,40905,33.7872575,-84.4056247,245.023,49087.00,66091.08186,
2,40906,33.7872575,-84.4056248,244.935,48573.00,66091.08190,
2,40907,33.7872574,-84.4056244,244.852,48830.00,66091.08193,
2,40908,33.7872573,-84.4056243,244.767,49087.00,66091.08196,
2,40909,33.7872573,-84.4056243,244.679,48830.00,66091.08199,
2,40910,33.7872572,-84.4056241,244.594,49601.00,66091.08203,
2,40911,33.7872572,-84.4056241,244.506,44975.00,66091.08206,
2,40965,33.7872574,-84.4056253,245.382,45746.00,66091.09505,
2,40966,33.7872573,-84.4056250,245.300,49087.00,66091.09509,
2,40967,33.7872572,-84.4056249,245.215,48830.00,66091.09512,
2,40968,33.7872572,-84.4056249,245.129,49087.00,66091.09515,
2,40969,33.7872571,-84.4056248,245.044,48573.00,66091.09518,
2,40970,33.7872570,-84.4056246,244.960,49087.00,66091.09522,
2,40971,33.7872569,-84.4056244,244.877,49087.00,66091.09525,
2,40972,33.7872569,-84.4056244,244.792,49344.00,66091.09528,
2,40973,33.7872568,-84.4056243,244.707,49087.00,66091.09532,
2,40974,33.7872568,-84.4056242,244.620,48830.00,66091.09535,
2,40975,33.7872568,-84.4056242,244.533,48830.00,66091.09538,
2,41029,33.7872569,-84.4056251,245.317,48573.00,66091.10840,
2,41030,33.7872568,-84.4056249,245.234,49087.00,66091.10844,
2,41031,33.7872568,-84.4056249,245.149,49087.00,66091.10847,
2,41032,33.7872567,-84.4056247,245.067,49087.00,66091.10850,
2,41033,33.7872566,-84.4056247,244.983,48830.00,66091.10854,
2,41034,33.7872565,-84.4056245,244.901,48830.00,66091.10857,
2,41035,33.7872565,-84.4056246,244.814,49087.00,66091.10860,
2,41036,33.7872564,-84.4056243,244.734,49344.00,66091.10863,
2,41037,33.7872562,-84.4056239,244.656,49087.00,66091.10867,
2,41038,33.7872563,-84.4056240,244.567,49344.00,66091.10870,
2,41039,33.7872562,-84.4056241,244.481,46774.00,66091.10873,
2,41095,33.7872563,-84.4056248,245.335,48830.00,66091.12172,
2,41096,33.7872563,-84.4056249,245.251,48573.00,66091.12175,
2,41097,33.7872563,-84.4056247,245.170,48573.00,66091.12179,
2,41098,33.7872562,-84.4056248,245.087,49087.00,66091.12182,
2,41099,33.7872561,-84.4056246,245.005,48573.00,66091.12185,
2,41100,33.7872561,-84.4056245,244.924,48830.00,66091.12189,
2,41101,33.7872560,-84.4056244,244.841,49087.00,66091.12192,
2,41102,33.7872560,-84.4056244,244.757,49087.00,66091.12195,
2,41103,33.7872559,-84.4056243,244.676,48830.00,66091.12198,
2,41104,33.7872559,-84.4056241,244.593,48830.00,66091.12202,
2,41105,33.7872558,-84.4056239,244.513,48830.00,66091.12205,
2,41157,33.7872560,-84.4056250,245.350,49344.00,66091.13504,
2,41158,33.7872559,-84.4056250,245.268,48573.00,66091.13508,
2,41159,33.7872559,-84.4056249,245.187,48830.00,66091.13511,
2,41160,33.7872558,-84.4056247,245.108,49344.00,66091.13514,
2,41161,33.7872557,-84.4056247,245.026,48573.00,66091.13517,
2,41162,33.7872557,-84.4056246,244.945,48316.00,66091.13521,
2,41163,33.7872556,-84.4056245,244.865,49087.00,66091.13524,
2,41164,33.7872556,-84.4056245,244.783,48830.00,66091.13527,
2,41165,33.7872555,-84.4056243,244.704,48830.00,66091.13530,
2,41166,33.7872554,-84.4056241,244.624,48830.00,66091.13534,
2,41167,33.7872554,-84.4056241,244.540,49344.00,66091.13537,
2,41224,33.7872556,-84.4056252,245.365,49344.00,66091.14836,
2,41225,33.7872555,-84.4056250,245.287,48573.00,66091.14840,
2,41226,33.7872554,-84.4056249,245.208,48830.00,66091.14843,
2,41227,33.7872554,-84.4056248,245.128,48573.00,66091.14846,
2,41228,33.7872552,-84.4056246,245.051,48830.00,66091.14850,
2,41229,33.7872552,-84.4056244,244.973,48573.00,66091.14853,
2,41230,33.7872551,-84.4056244,244.892,49087.00,66091.14856,
2,41231,33.7872551,-84.4056243,244.812,49087.00,66091.14859,
2,41232,33.7872550,-84.4056243,244.732,48830.00,66091.14863,
2,41233,33.7872550,-84.4056242,244.651,48573.00,66091.14866,
2,41234,33.7872549,-84.4056241,244.572,48573.00,66091.14869,
2,41235,33.7872549,-84.4056240,244.492,47802.00,66091.14872,
2,41292,33.7872551,-84.4056250,245.383,48573.00,66091.16169,
2,41293,33.7872550,-84.4056250,245.303,48830.00,66091.16172,
2,41294,33.7872550,-84.4056250,245.225,49087.00,66091.16175,
2,41295,33.7872549,-84.4056248,245.149,46774.00,66091.16179,
2,41296,33.7872548,-84.4056246,245.071,48830.00,66091.16182,
2,41297,33.7872548,-84.4056246,244.993,48573.00,66091.16185,
2,41298,33.7872547,-84.4056245,244.915,48830.00,66091.16189,
2,41299,33.7872547,-84.4056245,244.834,48830.00,66091.16192,
2,41300,33.7872546,-84.4056243,244.759,48830.00,66091.16195,
2,41301,33.7872546,-84.4056243,244.678,48316.00,66091.16198,
2,41302,33.7872545,-84.4056240,244.604,48830.00,66091.16202,
2,41303,33.7872545,-84.4056241,244.522,49601.00,66091.16205,
2,41355,33.7872545,-84.4056248,245.403,47802.00,66091.17501,
2,41356,33.7872545,-84.4056248,245.325,49087.00,66091.17505,
2,41357,33.7872545,-84.4056249,245.246,48830.00,66091.17508,
2,41358,33.7872544,-84.4056247,245.170,48573.00,66091.17511,
2,41359,33.7872544,-84.4056247,245.092,48573.00,66091.17515,
2,41360,33.7872543,-84.4056246,245.017,49087.00,66091.17518,
2,41361,33.7872542,-84.4056242,244.945,48830.00,66091.17521,
2,41362,33.7872542,-84.4056244,244.863,49087.00,66091.17524,
2,41363,33.7872541,-84.4056241,244.790,48573.00,66091.17528,
2,41364,33.7872541,-84.4056241,244.711,49087.00,66091.17531,
2,41365,33.7872540,-84.4056241,244.632,48830.00,66091.17534,
2,41366,33.7872540,-84.4056241,244.554,49087.00,66091.17537,
2,41420,33.7872541,-84.4056249,245.343,48830.00,66091.18837,
2,41421,33.7872540,-84.4056247,245.193,48316.00,66091.18843,
2,41422,33.7872539,-84.4056247,245.117,48573.00,66091.18847,
2,41423,33.7872539,-84.4056246,245.042,49601.00,66091.18850,
2,41424,33.7872538,-84.4056245,244.966,49344.00,66091.18853,
2,41425,33.7872537,-84.4056243,244.892,48830.00,66091.18857,
2,41426,33.7872538,-84.4056244,244.813,48830.00,66091.18860,
2,41427,33.7872536,-84.4056241,244.743,48573.00,66091.18863,
2,41428,33.7872536,-84.4056241,244.665,48830.00,66091.18866,
2,41429,33.7872535,-84.4056240,244.589,48573.00,66091.18870,
2,41430,33.7872534,-84.4056238,244.517,47545.00,66091.18873,
2,41483,33.7872536,-84.4056249,245.362,47545.00,66091.20169,
2,41484,33.7872536,-84.4056248,245.288,48573.00,66091.20172,
2,41485,33.7872535,-84.4056248,245.214,49087.00,66091.20175,
2,41486,33.7872535,-84.4056248,245.139,48573.00,66091.20179,
2,41487,33.7872534,-84.4056245,245.068,49087.00,66091.20182,
2,41488,33.7872534,-84.4056245,244.993,48059.00,66091.20185,
2,41489,33.7872533,-84.4056243,244.920,48830.00,66091.20188,
2,41490,33.7872533,-84.4056244,244.842,49344.00,66091.20192,
2,41491,33.7872532,-84.4056241,244.772,48830.00,66091.20195,
2,41492,33.7872532,-84.4056242,244.695,48573.00,66091.20198,
2,41493,33.7872531,-84.4056241,244.621,48573.00,66091.20201,
2,41494,33.7872531,-84.4056240,244.546,46260.00,66091.20205,
2,41549,33.7872531,-84.4056248,245.310,48059.00,66091.21504,
2,41550,33.7872531,-84.4056247,245.238,47802.00,66091.21508,
2,41551,33.7872530,-84.4056246,245.166,48059.00,66091.21511,
2,41552,33.7872529,-84.4056244,245.095,48059.00,66091.21514,
2,41553,33.7872529,-84.4056243,245.023,49087.00,66091.21518,
2,41554,33.7872529,-84.4056245,244.946,49344.00,66091.21521,
2,41555,33.7872528,-84.4056241,244.878,48830.00,66091.21524,
2,41556,33.7872528,-84.4056242,244.802,48573.00,66091.21527,
2,41557,33.7872527,-84.4056240,244.731,48316.00,66091.21531,
2,41558,33.7872526,-84.4056240,244.657,48830.00,66091.21534,
2,41616,33.7872526,-84.4056247,245.262,47288.00,66091.22840,
2,41617,33.7872526,-84.4056246,245.192,49344.00,66091.22843,
2,41618,33.7872526,-84.4056246,245.118,48573.00,66091.22846,
2,41619,33.7872525,-84.4056245,245.048,48830.00,66091.22850,
2,41620,33.7872524,-84.4056244,244.978,48830.00,66091.22853,
2,41621,33.7872524,-84.4056243,244.906,48830.00,66091.22856,
2,41622,33.7872524,-84.4056244,244.831,48830.00,66091.22859,
2,41623,33.7872523,-84.4056241,244.764,49344.00,66091.22863,
2,41624,33.7872522,-84.4056239,244.695,48316.00,66091.22866,
2,41683,33.7872522,-84.4056248,245.214,46003.00,66091.24175,
2,41684,33.7872521,-84.4056246,245.145,48830.00,66091.24178,
2,41685,33.7872520,-84.4056244,245.078,48830.00,66091.24181,
2,41686,33.7872520,-84.4056245,245.004,48830.00,66091.24185,
2,41687,33.7872520,-84.4056244,244.935,49087.00,66091.24188,
2,41688,33.7872519,-84.4056243,244.865,49087.00,66091.24191,
2,41689,33.7872518,-84.4056241,244.797,48830.00,66091.24195,
2,41690,33.7872518,-84.4056240,244.727,48059.00,66091.24198,
2,41749,33.7872517,-84.4056248,245.169,40606.00,66091.25510,
2,41750,33.7872516,-84.4056245,245.106,48573.00,66091.25514,
2,41751,33.7872515,-84.4056244,245.037,48573.00,66091.25517,
2,41752,33.7872515,-84.4056244,244.966,48059.00,66091.25520,
2,41753,33.7872515,-84.4056243,244.898,48059.00,66091.25523,
2,41754,33.7872514,-84.4056241,244.833,48316.00,66091.25527,
2,41755,33.7872514,-84.4056242,244.759,45489.00,66091.25530,
3,43041,33.7872585,-84.4056732,245.205,40349.00,66091.53471,
3,43042,33.7872583,-84.4056728,245.121,49087.00,66091.53475,
3,43043,33.7872583,-84.4056729,245.030,49344.00,66091.53478,
3,43044,33.7872583,-84.4056727,244.942,48573.00,66091.53481,
3,43045,33.7872581,-84.4056723,244.860,48830.00,66091.53484,
3,43046,33.7872581,-84.4056723,244.769,48316.00,66091.53488,
3,43105,33.7872579,-84.4056729,245.231,48830.00,66091.54804,
3,43106,33.7872578,-84.4056726,245.147,49087.00,66091.54807,
3,43107,33.7872578,-84.4056728,245.056,48830.00,66091.54810,
3,43108,33.7872577,-84.4056726,244.972,48830.00,66091.54813,
3,43109,33.7872577,-84.4056725,244.885,49087.00,66091.54817,
3,43110,33.7872576,-84.4056724,244.799,48316.00,66091.54820,
3,43111,33.7872575,-84.4056722,244.713,47802.00,66091.54823,
3,43166,33.7872575,-84.4056729,245.252,49087.00,66091.56136,
3,43167,33.7872575,-84.4056731,245.162,49087.00,66091.56139,
3,43168,33.7872574,-84.4056728,245.079,48573.00,66091.56142,
3,43169,33.7872573,-84.4056727,244.995,49601.00,66091.56145,
3,43170,33.7872572,-84.4056725,244.911,48830.00,66091.56149,
3,43171,33.7872571,-84.4056723,244.829,49344.00,66091.56152,
3,43172,33.7872571,-84.4056723,244.741,49087.00,66091.56155,
3,43173,33.7872570,-84.4056722,244.655,47802.00,66091.56159,
3,43226,33.7872572,-84.4056734,245.351,47545.00,66091.57465,
3,43227,33.7872571,-84.4056732,245.267,48573.00,66091.57468,
3,43228,33.7872570,-84.4056730,245.186,49087.00,66091.57472,
3,43229,33.7872569,-84.4056727,245.105,49087.00,66091.57475,
3,43230,33.7872568,-84.4056726,245.020,49087.00,66091.57478,
3,43231,33.7872568,-84.4056726,244.936,49858.00,66091.57481,
3,43232,33.7872567,-84.4056724,244.853,48573.00,66091.57485,
3,43233,33.7872567,-84.4056724,244.767,48573.00,66091.57488,
3,43234,33.7872566,-84.4056722,244.686,49344.00,66091.57491,
3,43288,33.7872567,-84.4056733,245.370,48830.00,66091.58797,
3,43289,33.7872566,-84.4056732,245.289,48573.00,66091.58800,
3,43290,33.7872565,-84.4056730,245.207,49087.00,66091.58804,
3,43291,33.7872565,-84.4056730,245.123,49344.00,66091.58807,
3,43292,33.7872564,-84.4056728,245.043,48830.00,66091.58810,
3,43293,33.7872563,-84.4056727,244.960,49087.00,66091.58814,
3,43294,33.7872562,-84.4056724,244.881,48573.00,66091.58817,
3,43295,33.7872562,-84.4056724,244.796,48573.00,66091.58820,
3,43296,33.7872561,-84.4056722,244.717,48830.00,66091.58823,
3,43297,33.7872560,-84.4056721,244.634,49601.00,66091.58827,
3,43298,33.7872560,-84.4056720,244.552,46774.00,66091.58830,
3,43355,33.7872563,-84.4056735,245.385,48830.00,66091.60129,
3,43356,33.7872562,-84.4056733,245.306,49087.00,66091.60132,
3,43357,33.7872561,-84.4056732,245.225,48830.00,66091.60136,
3,43358,33.7872560,-84.4056730,245.146,49087.00,66091.60139,
3,43359,33.7872559,-84.4056729,245.065,49087.00,66091.60142,
3,43360,33.7872559,-84.4056728,244.983,49858.00,66091.60146,
3,43361,33.7872557,-84.4056724,244.908,48830.00,66091.60149,
3,43362,33.7872557,-84.4056725,244.823,49087.00,66091.60152,
3,43363,33.7872556,-84.4056723,244.744,48830.00,66091.60155,
3,43364,33.7872556,-84.4056721,244.664,48830.00,66091.60159,
3,43365,33.7872555,-84.4056720,244.584,48573.00,66091.60162,
3,43420,33.7872557,-84.4056732,245.407,48573.00,66091.61461,
3,43421,33.7872557,-84.4056733,245.325,49087.00,66091.61465,
3,43422,33.7872555,-84.4056729,245.250,48830.00,66091.61468,
3,43423,33.7872556,-84.4056731,245.167,48830.00,66091.61471,
3,43424,33.7872554,-84.4056727,245.091,49087.00,66091.61474,
3,43425,33.7872554,-84.4056727,245.009,49087.00,66091.61478,
3,43426,33.7872553,-84.4056727,244.929,48830.00,66091.61481,
3,43427,33.7872552,-84.4056724,244.854,49087.00,66091.61484,
3,43428,33.7872552,-84.4056724,244.772,49601.00,66091.61488,
3,43429,33.7872552,-84.4056724,244.688,49087.00,66091.61491,
3,43430,33.7872551,-84.4056721,244.614,49087.00,66091.61494,
3,43490,33.7872553,-84.4056736,245.421,48830.00,66091.62794,
3,43491,33.7872552,-84.4056734,245.345,48573.00,66091.62797,
3,43492,33.7872552,-84.4056732,245.267,48830.00,66091.62800,
3,43493,33.7872551,-84.4056732,245.188,49087.00,66091.62803,
3,43494,33.7872550,-84.4056730,245.111,49087.00,66091.62807,
3,43495,33.7872550,-84.4056729,245.033,48316.00,66091.62810,
3,43496,33.7872549,-84.4056727,244.957,48830.00,66091.62813,
3,43497,33.7872548,-84.4056726,244.879,49344.00,66091.62817,
3,43498,33.7872547,-84.4056723,244.804,48573.00,66091.62820,
3,43499,33.7872547,-84.4056723,244.725,48573.00,66091.62823,
3,43500,33.7872546,-84.4056722,244.647,48573.00,66091.62826,
3,43501,33.7872545,-84.4056718,244.574,48830.00,66091.62830,
3,43558,33.7872548,-84.4056736,245.439,48830.00,66091.64126,
3,43559,33.7872547,-84.4056734,245.364,49087.00,66091.64129,
3,43560,33.7872547,-84.4056732,245.287,48573.00,66091.64132,
3,43561,33.7872546,-84.4056732,245.210,49087.00,66091.64136,
3,43562,33.7872546,-84.4056731,245.134,49344.00,66091.64139,
3,43563,33.7872545,-84.4056729,245.058,49344.00,66091.64142,
3,43564,33.7872544,-84.4056727,244.984,49601.00,66091.64145,
3,43565,33.7872544,-84.4056727,244.904,48316.00,66091.64149,
3,43566,33.7872543,-84.4056726,244.829,48830.00,66091.64152,
3,43567,33.7872542,-84.4056724,244.753,48830.00,66091.64155,
3,43568,33.7872542,-84.4056723,244.676,48830.00,66091.64158,
3,43569,33.7872541,-84.4056722,244.600,48830.00,66091.64162,
3,43632,33.7872544,-84.4056736,245.457,45232.00,66091.65458,
3,43633,33.7872543,-84.4056735,245.381,49087.00,66091.65461,
3,43634,33.7872542,-84.4056733,245.307,48830.00,66091.65464,
3,43635,33.7872542,-84.4056733,245.231,49344.00,66091.65468,
3,43636,33.7872541,-84.4056731,245.157,49087.00,66091.65471,
3,43637,33.7872540,-84.4056729,245.084,48830.00,66091.65474,
3,43638,33.7872540,-84.4056728,245.009,48316.00,66091.65478,
3,43639,33.7872539,-84.4056727,244.934,48573.00,66091.65481,
3,43640,33.7872538,-84.4056725,244.859,48573.00,66091.65484,
3,43641,33.7872538,-84.4056724,244.785,48830.00,66091.65487,
3,43642,33.7872537,-84.4056724,244.708,48830.00,66091.65491,
3,43643,33.7872537,-84.4056723,244.633,49087.00,66091.65494,
3,43644,33.7872536,-84.4056720,244.560,48830.00,66091.65497,
3,43707,33.7872539,-84.4056736,245.401,49087.00,66091.66793,
3,43708,33.7872537,-84.4056733,245.330,48573.00,66091.66797,
3,43709,33.7872537,-84.4056732,245.256,48830.00,66091.66800,
3,43710,33.7872536,-84.4056731,245.182,49087.00,66091.66803,
3,43711,33.7872535,-84.4056729,245.110,49087.00,66091.66807,
3,43712,33.7872535,-84.4056728,245.037,49601.00,66091.66810,
3,43713,33.7872534,-84.4056727,244.962,49601.00,66091.66813,
3,43714,33.7872533,-84.4056724,244.893,49601.00,66091.66816,
3,43715,33.7872533,-84.4056726,244.814,48830.00,66091.66820,
3,43716,33.7872532,-84.4056722,244.746,49087.00,66091.66823,
3,43717,33.7872532,-84.4056723,244.669,48830.00,66091.66826,
3,43718,33.7872531,-84.4056722,244.593,49087.00,66091.66829,
3,43778,33.7872534,-84.4056737,245.418,49601.00,66091.68125,
3,43779,33.7872533,-84.4056735,245.347,48316.00,66091.68129,
3,43780,33.7872532,-84.4056732,245.278,48573.00,66091.68132,
3,43781,33.7872531,-84.4056731,245.206,48573.00,66091.68135,
3,43782,33.7872531,-84.4056730,245.133,49858.00,66091.68138,
3,43783,33.7872530,-84.4056728,245.063,49087.00,66091.68142,
3,43784,33.7872530,-84.4056728,244.990,48830.00,66091.68145,
3,43785,33.7872529,-84.4056728,244.915,48573.00,66091.68148,
3,43786,33.7872529,-84.4056727,244.843,48573.00,66091.68152,
3,43787,33.7872528,-84.4056724,244.774,48573.00,66091.68155,
3,43788,33.7872528,-84.4056724,244.699,49087.00,66091.68158,
3,43789,33.7872527,-84.4056723,244.626,48830.00,66091.68161,
3,43790,33.7872527,-84.4056722,244.552,46774.00,66091.68165,
3,43849,33.7872529,-84.4056737,245.438,48316.00,66091.69458,
3,43850,33.7872529,-84.4056735,245.368,48830.00,66091.69461,
3,43851,33.7872527,-84.4056733,245.300,48316.00,66091.69464,
3,43852,33.7872527,-84.4056732,245.228,48573.00,66091.69468,
3,43853,33.7872527,-84.4056731,245.157,49087.00,66091.69471,
3,43854,33.7872526,-84.4056729,245.088,49087.00,66091.69474,
3,43855,33.7872525,-84.4056728,245.019,48573.00,66091.69478,
3,43856,33.7872524,-84.4056727,244.947,49087.00,66091.69481,
3,43857,33.7872524,-84.4056726,244.877,49087.00,66091.69484,
3,43858,33.7872524,-84.4056726,244.803,48573.00,66091.69487,
3,43859,33.7872523,-84.4056725,244.733,49087.00,66091.69491,
3,43860,33.7872522,-84.4056723,244.664,49344.00,66091.69494,
3,43915,33.7872524,-84.4056735,245.391,47288.00,66091.70793,
3,43916,33.7872523,-84.4056734,245.322,48316.00,66091.70796,
3,43917,33.7872523,-84.4056734,245.252,48830.00,66091.70800,
3,43918,33.7872522,-84.4056733,245.182,49087.00,66091.70803,
3,43919,33.7872521,-84.4056730,245.115,49087.00,66091.70806,
3,43920,33.7872521,-84.4056730,245.044,48830.00,66091.70810,
3,43921,33.7872520,-84.4056729,244.976,48573.00,66091.70813,
3,43922,33.7872520,-84.4056728,244.905,48830.00,66091.70816,
3,43923,33.7872519,-84.4056726,244.837,49344.00,66091.70819,
3,43924,33.7872519,-84.4056727,244.763,48830.00,66091.70823,
3,43925,33.7872518,-84.4056724,244.698,49087.00,66091.70826,
3,43983,33.7872519,-84.4056737,245.339,44718.00,66091.72129,
3,43984,33.7872518,-84.4056734,245.274,48830.00,66091.72132,
3,43985,33.7872517,-84.4056732,245.208,49087.00,66091.72135,
3,43986,33.7872517,-84.4056733,245.137,49344.00,66091.72138,
3,43987,33.7872516,-84.4056731,245.071,49344.00,66091.72142,
3,43988,33.7872516,-84.4056730,245.002,48573.00,66091.72145,
3,43989,33.7872515,-84.4056728,244.937,49344.00,66091.72148,
3,43990,33.7872514,-84.4056726,244.871,49087.00,66091.72151,
3,43991,33.7872514,-84.4056726,244.802,48573.00,66091.72155,
3,43992,33.7872513,-84.4056725,244.733,49087.00,66091.72158,
3,44050,33.7872513,-84.4056735,245.230,49344.00,66091.73467,
3,44051,33.7872511,-84.4056730,245.171,49087.00,66091.73470,
3,44052,33.7872511,-84.4056731,245.100,48573.00,66091.73474,
3,44053,33.7872511,-84.4056730,245.033,48573.00,66091.73477,
3,44054,33.7872510,-84.4056728,244.968,48830.00,66091.73480,
3,44055,33.7872509,-84.4056727,244.903,48573.00,66091.73484,
3,44056,33.7872509,-84.4056726,244.836,48830.00,66091.73487,
3,44057,33.7872508,-84.4056725,244.770,48573.00,66091.73490,
3,44117,33.7872507,-84.4056732,245.195,49344.00,66091.74803,
3,44118,33.7872507,-84.4056732,245.128,49087.00,66091.74806,
3,44119,33.7872506,-84.4056731,245.064,49087.00,66091.74809,
3,44120,33.7872506,-84.4056731,244.996,49087.00,66091.74812,
3,44121,33.7872505,-84.4056729,244.933,49087.00,66091.74816,
3,44122,33.7872504,-84.4056727,244.871,49087.00,66091.74819,
3,44123,33.7872504,-84.4056727,244.801,44718.00,66091.74822,
4,50667,33.7872594,-84.4058482,245.311,48830.00,66093.17275,
4,50668,33.7872593,-84.4058479,245.232,49601.00,66093.17278,
4,50669,33.7872592,-84.4058478,245.151,50372.00,66093.17281,
4,50670,33.7872592,-84.4058477,245.069,49601.00,66093.17285,
4,50730,33.7872590,-84.4058483,245.423,49601.00,66093.18603,
4,50731,33.7872589,-84.4058480,245.345,51400.00,66093.18606,
4,50732,33.7872588,-84.4058479,245.264,51400.00,66093.18610,
4,50733,33.7872588,-84.4058479,245.182,51914.00,66093.18613,
4,50734,33.7872587,-84.4058477,245.103,51914.00,66093.18616,
4,50735,33.7872586,-84.4058474,245.026,50886.00,66093.18619,
4,50793,33.7872585,-84.4058483,245.450,51400.00,66093.19934,
4,50794,33.7872584,-84.4058482,245.371,51914.00,66093.19938,
4,50795,33.7872584,-84.4058480,245.292,51914.00,66093.19941,
4,50796,33.7872583,-84.4058479,245.215,51914.00,66093.19944,
4,50797,33.7872582,-84.4058477,245.137,51657.00,66093.19947,
4,50798,33.7872582,-84.4058476,245.057,51914.00,66093.19951,
4,50799,33.7872581,-84.4058475,244.978,51657.00,66093.19954,
4,50863,33.7872581,-84.4058484,245.477,51914.00,66093.21266,
4,50864,33.7872580,-84.4058481,245.401,51657.00,66093.21269,
4,50865,33.7872580,-84.4058482,245.320,52171.00,66093.21272,
4,50866,33.7872578,-84.4058477,245.251,52171.00,66093.21275,
4,50867,33.7872578,-84.4058478,245.169,51914.00,66093.21279,
4,50868,33.7872578,-84.4058478,245.089,51657.00,66093.21282,
4,50869,33.7872576,-84.4058475,244.934,51657.00,66093.21289,
4,50930,33.7872576,-84.4058485,245.582,48059.00,66093.22593,
4,50931,33.7872576,-84.4058485,245.504,52171.00,66093.22597,
4,50932,33.7872575,-84.4058483,245.430,51400.00,66093.22600,
4,50933,33.7872575,-84.4058482,245.352,52428.00,66093.22603,
4,50934,33.7872574,-84.4058481,245.277,51914.00,66093.22606,
4,50935,33.7872573,-84.4058479,245.203,51914.00,66093.22610,
4,50936,33.7872573,-84.4058479,245.125,51914.00,66093.22613,
4,50937,33.7872572,-84.4058477,245.049,51400.00,66093.22616,
4,50938,33.7872572,-84.4058476,244.973,51400.00,66093.22620,
4,50939,33.7872571,-84.4058476,244.895,51400.00,66093.22623,
4,50996,33.7872573,-84.4058488,245.604,51143.00,66093.23924,
4,50997,33.7872572,-84.4058486,245.531,52428.00,66093.23928,
4,50998,33.7872572,-84.4058486,245.454,51400.00,66093.23931,
4,50999,33.7872571,-84.4058484,245.381,52171.00,66093.23934,
4,51000,33.7872569,-84.4058481,245.310,52428.00,66093.23937,
4,51001,33.7872569,-84.4058482,245.231,52171.00,66093.23941,
4,51002,33.7872568,-84.4058478,245.162,52428.00,66093.23944,
4,51003,33.7872568,-84.4058478,245.084,51914.00,66093.23947,
4,51004,33.7872567,-84.4058476,245.011,51143.00,66093.23951,
4,51005,33.7872567,-84.4058476,244.934,51914.00,66093.23954,
4,51006,33.7872566,-84.4058475,244.860,49858.00,66093.23957,
4,51063,33.7872567,-84.4058487,245.558,52171.00,66093.25259,
4,51064,33.7872566,-84.4058484,245.487,50372.00,66093.25262,
4,51065,33.7872566,-84.4058484,245.412,51914.00,66093.25266,
4,51066,33.7872565,-84.4058483,245.338,52171.00,66093.25269,
4,51067,33.7872565,-84.4058481,245.267,51400.00,66093.25272,
4,51068,33.7872563,-84.4058479,245.197,51914.00,66093.25275,
4,51069,33.7872563,-84.4058479,245.121,52171.00,66093.25279,
4,51070,33.7872562,-84.4058477,245.050,51657.00,66093.25282,
4,51071,33.7872562,-84.4058478,244.971,51657.00,66093.25285,
4,51072,33.7872562,-84.4058476,244.900,52428.00,66093.25288,
4,51126,33.7872562,-84.4058487,245.587,52428.00,66093.26590,
4,51127,33.7872561,-84.4058484,245.518,51400.00,66093.26594,
4,51128,33.7872561,-84.4058485,245.443,51657.00,66093.26597,
4,51129,33.7872561,-84.4058483,245.371,51657.00,66093.26600,
4,51130,33.7872560,-84.4058481,245.303,51914.00,66093.26603,
4,51131,33.7872559,-84.4058480,245.230,51914.00,66093.26607,
4,51132,33.7872559,-84.4058480,245.156,51657.00,66093.26610,
4,51133,33.7872558,-84.4058478,245.086,51657.00,66093.26613,
4,51134,33.7872558,-84.4058478,245.011,52171.00,66093.26616,
4,51135,33.7872557,-84.4058477,244.939,51400.00,66093.26620,
4,51136,33.7872556,-84.4058475,244.870,50372.00,66093.26623,
4,51196,33.7872558,-84.4058487,245.613,50886.00,66093.27922,
4,51197,33.7872557,-84.4058486,245.543,51143.00,66093.27925,
4,51198,33.7872556,-84.4058484,245.474,51657.00,66093.27928,
4,51199,33.7872556,-84.4058484,245.402,51400.00,66093.27931,
4,51200,33.7872555,-84.4058482,245.333,51657.00,66093.27935,
4,51201,33.7872555,-84.4058481,245.263,51914.00,66093.27938,
4,51202,33.7872554,-84.4058481,245.192,50886.00,66093.27941,
4,51203,33.7872554,-84.4058479,245.122,50886.00,66093.27944,
4,51204,33.7872553,-84.4058478,245.051,51657.00,66093.27948,
4,51205,33.7872552,-84.4058477,244.981,51657.00,66093.27951,
4,51206,33.7872552,-84.4058476,244.910,51914.00,66093.27954,
4,51262,33.7872553,-84.4058487,245.569,51914.00,66093.29256,
4,51263,33.7872552,-84.4058484,245.503,51657.00,66093.29260,
4,51264,33.7872551,-84.4058484,245.433,51657.00,66093.29263,
4,51265,33.7872550,-84.4058482,245.366,51657.00,66093.29266,
4,51266,33.7872550,-84.4058482,245.295,51143.00,66093.29269,
4,51267,33.7872549,-84.4058479,245.231,51657.00,66093.29273,
4,51268,33.7872549,-84.4058480,245.156,51400.00,66093.29276,
4,51269,33.7872548,-84.4058478,245.090,51657.00,66093.29279,
4,51270,33.7872548,-84.4058477,245.022,51914.00,66093.29282,
4,51271,33.7872547,-84.4058476,244.951,51657.00,66093.29286,
4,51272,33.7872547,-84.4058475,244.881,51143.00,66093.29289,
4,51329,33.7872548,-84.4058488,245.596,51657.00,66093.30588,
4,51330,33.7872547,-84.4058486,245.530,51400.00,66093.30591,
4,51331,33.7872547,-84.4058487,245.459,51657.00,66093.30594,
4,51332,33.7872546,-84.4058483,245.397,50629.00,66093.30598,
4,51333,33.7872545,-84.4058482,245.329,50886.00,66093.30601,
4,51334,33.7872545,-84.4058481,245.261,51143.00,66093.30604,
4,51335,33.7872545,-84.4058481,245.192,50886.00,66093.30607,
4,51336,33.7872544,-84.4058479,245.128,51400.00,66093.30611,
4,51337,33.7872543,-84.4058479,245.057,51143.00,66093.30614,
4,51338,33.7872542,-84.4058477,244.992,50886.00,66093.30617,
4,51339,33.7872542,-84.4058477,244.920,51400.00,66093.30620,
4,51393,33.7872543,-84.4058487,245.555,51143.00,66093.31922,
4,51394,33.7872541,-84.4058482,245.496,51143.00,66093.31926,
4,51395,33.7872541,-84.4058484,245.426,51400.00,66093.31929,
4,51396,33.7872541,-84.4058484,245.358,51400.00,66093.31932,
4,51397,33.7872540,-84.4058482,245.294,51143.00,66093.31936,
4,51398,33.7872540,-84.4058481,245.228,51400.00,66093.31939,
4,51399,33.7872539,-84.4058480,245.161,51143.00,66093.31942,
4,51400,33.7872539,-84.4058479,245.095,51400.00,66093.31945,
4,51401,33.7872538,-84.4058478,245.029,51143.00,66093.31949,
4,51402,33.7872538,-84.4058477,244.962,50629.00,66093.31952,
4,51465,33.7872537,-84.4058486,245.521,51657.00,66093.33258,
4,51466,33.7872537,-84.4058485,245.457,50886.00,66093.33261,
4,51467,33.7872536,-84.4058483,245.394,51657.00,66093.33264,
4,51468,33.7872536,-84.4058483,245.328,51657.00,66093.33267,
4,51469,33.7872536,-84.4058483,245.260,51400.00,66093.33271,
4,51470,33.7872534,-84.4058480,245.201,51143.00,66093.33274,
4,51471,33.7872534,-84.4058479,245.137,51400.00,66093.33277,
4,51472,33.7872534,-84.4058479,245.069,51400.00,66093.33281,
4,51473,33.7872533,-84.4058479,245.001,49601.00,66093.33284,
4,51535,33.7872532,-84.4058485,245.491,49344.00,66093.34592,
4,51536,33.7872532,-84.4058485,245.426,51400.00,66093.34596,
4,51537,33.7872531,-84.4058483,245.365,51657.00,66093.34599,
4,51538,33.7872530,-84.4058481,245.303,50115.00,66093.34602,
4,51539,33.7872530,-84.4058482,245.235,51143.00,66093.34605,
4,51540,33.7872529,-84.4058481,245.174,51400.00,66093.34609,
4,51541,33.7872529,-84.4058480,245.110,51400.00,66093.34612,
4,51542,33.7872529,-84.4058479,245.045,46774.00,66093.34615,
4,51603,33.7872528,-84.4058488,245.454,40092.00,66093.35927,
4,51604,33.7872526,-84.4058483,245.400,50629.00,66093.35930,
4,51605,33.7872526,-84.4058482,245.339,49858.00,66093.35933,
4,51606,33.7872525,-84.4058481,245.278,48830.00,66093.35936,
4,51607,33.7872525,-84.4058483,245.209,46517.00,66093.35940,
4,51608,33.7872525,-84.4058482,245.147,46260.00,66093.35943,
5,57991,33.7872632,-84.4060200,245.851,44204.00,66094.77028,
5,57992,33.7872631,-84.4060196,245.773,47545.00,66094.77031,
5,57993,33.7872630,-84.4060194,245.692,49087.00,66094.77035,
5,57994,33.7872630,-84.4060195,245.608,47288.00,66094.77038,
5,57995,33.7872629,-84.4060191,245.531,48059.00,66094.77041,
5,58050,33.7872627,-84.4060199,245.881,50372.00,66094.78359,
5,58051,33.7872625,-84.4060193,245.808,50629.00,66094.78362,
5,58052,33.7872626,-84.4060196,245.722,50629.00,66094.78365,
5,58053,33.7872625,-84.4060194,245.643,49344.00,66094.78369,
5,58054,33.7872624,-84.4060192,245.565,48830.00,66094.78372,
5,58055,33.7872623,-84.4060189,245.488,49601.00,66094.78375,
5,58107,33.7872623,-84.4060201,245.987,46260.00,66094.79687,
5,58108,33.7872622,-84.4060199,245.910,50372.00,66094.79690,
5,58109,33.7872621,-84.4060197,245.832,50886.00,66094.79693,
5,58110,33.7872621,-84.4060196,245.754,50629.00,66094.79697,
5,58111,33.7872620,-84.4060195,245.673,50629.00,66094.79700,
5,58112,33.7872620,-84.4060194,245.595,48059.00,66094.79703,
5,58113,33.7872619,-84.4060192,245.517,48573.00,66094.79706,
5,58114,33.7872619,-84.4060191,245.437,50372.00,66094.79710,
5,58169,33.7872617,-84.4060199,246.015,49858.00,66094.81018,
5,58170,33.7872617,-84.4060199,245.937,50115.00,66094.81022,
5,58171,33.7872616,-84.4060197,245.861,50372.00,66094.81025,
5,58172,33.7872616,-84.4060196,245.783,50115.00,66094.81028,
5,58173,33.7872615,-84.4060194,245.708,50629.00,66094.81032,
5,58174,33.7872615,-84.4060194,245.628,50886.00,66094.81035,
5,58175,33.7872614,-84.4060192,245.552,48316.00,66094.81038,
5,58176,33.7872613,-84.4060190,245.476,50115.00,66094.81041,
5,58177,33.7872613,-84.4060189,245.399,50629.00,66094.81045,
5,58178,33.7872613,-84.4060189,245.319,46774.00,66094.81048,
5,58236,33.7872613,-84.4060202,246.039,49601.00,66094.82350,
5,58237,33.7872612,-84.4060200,245.964,49858.00,66094.82353,
5,58238,33.7872612,-84.4060199,245.887,50115.00,66094.82356,
5,58239,33.7872611,-84.4060197,245.813,50372.00,66094.82359,
5,58240,33.7872611,-84.4060198,245.732,50629.00,66094.82363,
5,58241,33.7872610,-84.4060194,245.662,50886.00,66094.82366,
5,58242,33.7872610,-84.4060194,245.585,50886.00,66094.82369,
5,58243,33.7872609,-84.4060191,245.511,49858.00,66094.82372,
5,58244,33.7872608,-84.4060190,245.437,49858.00,66094.82376,
5,58245,33.7872608,-84.4060190,245.358,49858.00,66094.82379,
5,58246,33.7872607,-84.4060187,245.285,49858.00,66094.82382,
5,58299,33.7872609,-84.4060205,246.137,48573.00,66094.83678,
5,58300,33.7872608,-84.4060203,246.064,50372.00,66094.83681,
5,58301,33.7872607,-84.4060201,245.990,49087.00,66094.83684,
5,58302,33.7872607,-84.4060200,245.916,49344.00,66094.83687,
5,58303,33.7872607,-84.4060199,245.840,49087.00,66094.83691,
5,58304,33.7872606,-84.4060198,245.766,49087.00,66094.83694,
5,58305,33.7872605,-84.4060196,245.692,50629.00,66094.83697,
5,58306,33.7872605,-84.4060196,245.615,50372.00,66094.83701,
5,58307,33.7872604,-84.4060193,245.544,50372.00,66094.83704,
5,58308,33.7872603,-84.4060191,245.472,50115.00,66094.83707,
5,58309,33.7872603,-84.4060189,245.399,50115.00,66094.83710,
5,58310,33.7872603,-84.4060189,245.322,49858.00,66094.83714,
5,58311,33.7872603,-84.4060189,245.244,41120.00,66094.83717,
5,58365,33.7872603,-84.4060202,246.091,51143.00,66094.85012,
5,58366,33.7872603,-84.4060203,246.014,49601.00,66094.85015,
5,58367,33.7872602,-84.4060200,245.945,49344.00,66094.85019,
5,58368,33.7872602,-84.4060199,245.871,49601.00,66094.85022,
5,58369,33.7872600,-84.4060195,245.802,49858.00,66094.85025,
5,58370,33.7872601,-84.4060197,245.724,50886.00,66094.85028,
5,58371,33.7872600,-84.4060196,245.651,50886.00,66094.85032,
5,58372,33.7872600,-84.4060194,245.580,50886.00,66094.85035,
5,58373,33.7872599,-84.4060193,245.506,50372.00,66094.85038,
5,58374,33.7872599,-84.4060191,245.434,50115.00,66094.85041,
5,58375,33.7872598,-84.4060190,245.361,50115.00,66094.85045,
5,58376,33.7872597,-84.4060187,245.293,50115.00,66094.85048,
5,58434,33.7872599,-84.4060204,246.115,50629.00,66094.86344,
5,58435,33.7872598,-84.4060203,246.043,49858.00,66094.86347,
5,58436,33.7872598,-84.4060202,245.971,49344.00,66094.86350,
5,58437,33.7872597,-84.4060201,245.899,50372.00,66094.86353,
5,58438,33.7872597,-84.4060200,245.827,50115.00,66094.86357,
5,58439,33.7872596,-84.4060198,245.757,48573.00,66094.86360,
5,58440,33.7872596,-84.4060197,245.684,50372.00,66094.86363,
5,58441,33.7872595,-84.4060194,245.616,50629.00,66094.86366,
5,58442,33.7872594,-84.4060193,245.543,51143.00,66094.86370,
5,58443,33.7872594,-84.4060192,245.471,50629.00,66094.86373,
5,58444,33.7872593,-84.4060190,245.402,50115.00,66094.86376,
5,58445,33.7872592,-84.4060188,245.331,50372.00,66094.86380,
5,58446,33.7872592,-84.4060188,245.258,46517.00,66094.86383,
5,58503,33.7872594,-84.4060204,246.139,49601.00,66094.87675,
5,58504,33.7872593,-84.4060202,246.069,50115.00,66094.87678,
5,58505,33.7872592,-84.4060201,246.000,50115.00,66094.87681,
5,58506,33.7872593,-84.4060202,245.925,50115.00,66094.87685,
5,58507,33.7872592,-84.4060201,245.855,49344.00,66094.87688,
5,58508,33.7872591,-84.4060196,245.791,49601.00,66094.87691,
5,58509,33.7872591,-84.4060197,245.716,50886.00,66094.87694,
5,58510,33.7872590,-84.4060196,245.646,51400.00,66094.87698,
5,58511,33.7872590,-84.4060196,245.574,51143.00,66094.87701,
5,58512,33.7872589,-84.4060193,245.506,50629.00,66094.87704,
5,58513,33.7872589,-84.4060192,245.436,50886.00,66094.87707,
5,58514,33.7872588,-84.4060191,245.366,50629.00,66094.87711,
5,58515,33.7872588,-84.4060189,245.296,49601.00,66094.87714,
5,58579,33.7872588,-84.4060203,246.094,50115.00,66094.89009,
5,58580,33.7872588,-84.4060203,246.024,48830.00,66094.89013,
5,58581,33.7872588,-84.4060202,245.955,49601.00,66094.89016,
5,58582,33.7872587,-84.4060199,245.889,49087.00,66094.89019,
5,58583,33.7872587,-84.4060199,245.818,49344.00,66094.89023,
5,58584,33.7872586,-84.4060198,245.749,49344.00,66094.89026,
5,58585,33.7872586,-84.4060196,245.681,50372.00,66094.89029,
5,58586,33.7872585,-84.4060195,245.613,49858.00,66094.89032,
5,58587,33.7872585,-84.4060194,245.544,50372.00,66094.89036,
5,58588,33.7872584,-84.4060193,245.475,50115.00,66094.89039,
5,58589,33.7872584,-84.4060192,245.404,50372.00,66094.89042,
5,58590,33.7872583,-84.4060189,245.340,49344.00,66094.89045,
5,58591,33.7872583,-84.4060189,245.266,49858.00,66094.89049,
5,58655,33.7872584,-84.4060205,246.119,50372.00,66094.90341,
5,58656,33.7872584,-84.4060205,246.049,49087.00,66094.90344,
5,58657,33.7872583,-84.4060204,245.982,49601.00,66094.90347,
5,58658,33.7872582,-84.4060201,245.917,50115.00,66094.90350,
5,58659,33.7872582,-84.4060200,245.848,50629.00,66094.90354,
5,58660,33.7872582,-84.4060200,245.780,48830.00,66094.90357,
5,58661,33.7872580,-84.4060195,245.721,50372.00,66094.90360,
5,58662,33.7872580,-84.4060194,245.651,49858.00,66094.90363,
5,58663,33.7872580,-84.4060195,245.579,50115.00,66094.90367,
5,58664,33.7872580,-84.4060194,245.512,49858.00,66094.90370,
5,58665,33.7872580,-84.4060195,245.438,49858.00,66094.90373,
5,58666,33.7872579,-84.4060191,245.377,49344.00,66094.90377,
5,58667,33.7872578,-84.4060190,245.311,49344.00,66094.90380,
5,58668,33.7872578,-84.4060189,245.241,48059.00,66094.90383,
5,58726,33.7872580,-84.4060207,246.142,48316.00,66094.91672,
5,58727,33.7872578,-84.4060203,246.079,49344.00,66094.91676,
5,58728,33.7872578,-84.4060202,246.013,49601.00,66094.91679,
5,58729,33.7872578,-84.4060202,245.944,49858.00,66094.91682,
5,58730,33.7872578,-84.4060202,245.877,48059.00,66094.91685,
5,58731,33.7872576,-84.4060198,245.815,48830.00,66094.91689,
5,58732,33.7872577,-84.4060199,245.746,49087.00,66094.91692,
5,58733,33.7872576,-84.4060196,245.682,49344.00,66094.91695,
5,58734,33.7872576,-84.4060197,245.613,49601.00,66094.91698,
5,58735,33.7872575,-84.4060196,245.546,49858.00,66094.91702,
5,58736,33.7872575,-84.4060194,245.480,50115.00,66094.91705,
5,58737,33.7872574,-84.4060192,245.418,49858.00,66094.91708,
5,58738,33.7872574,-84.4060191,245.349,49087.00,66094.91712,
5,58739,33.7872573,-84.4060189,245.285,49858.00,66094.91715,
5,58802,33.7872575,-84.4060206,246.101,49601.00,66094.93008,
5,58803,33.7872573,-84.4060203,246.040,49858.00,66094.93011,
5,58804,33.7872574,-84.4060203,245.972,50115.00,66094.93015,
5,58805,33.7872573,-84.4060202,245.907,48316.00,66094.93018,
5,58806,33.7872572,-84.4060201,245.844,48059.00,66094.93021,
5,58807,33.7872572,-84.4060200,245.778,49344.00,66094.93024,
5,58808,33.7872572,-84.4060198,245.714,49344.00,66094.93028,
5,58809,33.7872571,-84.4060197,245.649,49601.00,66094.93031,
5,58810,33.7872571,-84.4060197,245.582,49858.00,66094.93034,
5,58811,33.7872570,-84.4060194,245.521,49858.00,66094.93037,
5,58812,33.7872569,-84.4060193,245.457,50115.00,66094.93041,
5,58813,33.7872570,-84.4060193,245.388,49344.00,66094.93044,
5,58814,33.7872569,-84.4060191,245.324,50372.00,66094.93047,
5,58874,33.7872569,-84.4060206,246.064,49087.00,66094.94343,
5,58875,33.7872569,-84.4060204,246.001,50372.00,66094.94346,
5,58876,33.7872569,-84.4060203,245.938,48316.00,66094.94349,
5,58877,33.7872568,-84.4060202,245.875,48830.00,66094.94352,
5,58878,33.7872567,-84.4060200,245.813,49858.00,66094.94356,
5,58879,33.7872567,-84.4060199,245.749,48573.00,66094.94359,
5,58880,33.7872566,-84.4060198,245.686,50372.00,66094.94362,
5,58881,33.7872566,-84.4060196,245.623,49344.00,66094.94365,
5,58882,33.7872565,-84.4060195,245.560,50629.00,66094.94369,
5,58883,33.7872565,-84.4060195,245.495,50115.00,66094.94372,
5,58884,33.7872565,-84.4060194,245.431,49601.00,66094.94375,
5,58885,33.7872564,-84.4060192,245.369,49344.00,66094.94378,
5,58949,33.7872565,-84.4060206,246.027,49087.00,66094.95677,
5,58950,33.7872564,-84.4060203,245.968,49858.00,66094.95680,
5,58951,33.7872563,-84.4060203,245.905,49087.00,66094.95684,
5,58952,33.7872563,-84.4060202,245.842,50629.00,66094.95687,
5,58953,33.7872563,-84.4060202,245.778,47031.00,66094.95690,
5,58954,33.7872562,-84.4060199,245.718,50372.00,66094.95693,
5,58955,33.7872561,-84.4060197,245.658,48830.00,66094.95697,
5,58956,33.7872561,-84.4060196,245.597,50115.00,66094.95700,
5,58957,33.7872561,-84.4060195,245.535,49858.00,66094.95703,
5,58958,33.7872560,-84.4060194,245.472,49858.00,66094.95707,
5,58959,33.7872560,-84.4060193,245.408,49858.00,66094.95710,
5,59021,33.7872560,-84.4060206,245.992,44718.00,66094.97012,
5,59022,33.7872559,-84.4060204,245.934,49858.00,66094.97015,
5,59023,33.7872558,-84.4060202,245.875,49344.00,66094.97018,
5,59024,33.7872558,-84.4060202,245.812,48059.00,66094.97021,
5,59025,33.7872558,-84.4060201,245.751,48830.00,66094.97025,
5,59026,33.7872557,-84.4060199,245.690,49087.00,66094.97028,
5,59027,33.7872557,-84.4060198,245.630,49601.00,66094.97031,
5,59028,33.7872556,-84.4060197,245.569,50115.00,66094.97034,
5,59029,33.7872556,-84.4060196,245.508,49344.00,66094.97038,
5,59030,33.7872555,-84.4060194,245.448,50372.00,66094.97041,
5,59089,33.7872554,-84.4060203,245.905,50115.00,66094.98350,
5,59090,33.7872554,-84.4060202,245.844,49344.00,66094.98353,
5,59091,33.7872553,-84.4060201,245.785,49344.00,66094.98356,
5,59092,33.7872553,-84.4060200,245.724,49601.00,66094.98360,
5,59093,33.7872552,-84.4060199,245.666,49087.00,66094.98363,
5,59094,33.7872551,-84.4060195,245.613,49601.00,66094.98366,
5,59095,33.7872552,-84.4060198,245.545,49601.00,66094.98369,
5,59096,33.7872552,-84.4060197,245.482,47288.00,66094.98373,
5,59157,33.7872550,-84.4060205,245.870,47288.00,66094.99686,
5,59158,33.7872549,-84.4060203,245.813,40863.00,66094.99689,
5,59159,33.7872549,-84.4060203,245.753,40092.00,66094.99692,
6,61166,33.7872633,-84.4060864,245.880,51143.00,66095.43621,
6,61167,33.7872632,-84.4060861,245.804,51400.00,66095.43624,
6,61168,33.7872632,-84.4060861,245.723,50886.00,66095.43628,
6,61169,33.7872632,-84.4060860,245.643,51400.00,66095.43631,
6,61170,33.7872631,-84.4060858,245.567,51400.00,66095.43634,
6,61171,33.7872631,-84.4060856,245.489,50372.00,66095.43638,
6,61230,33.7872628,-84.4060865,245.972,50629.00,66095.44951,
6,61231,33.7872628,-84.4060864,245.894,50629.00,66095.44954,
6,61232,33.7872628,-84.4060863,245.817,51400.00,66095.44957,
6,61233,33.7872627,-84.4060861,245.740,51657.00,66095.44961,
6,61234,33.7872627,-84.4060860,245.661,51657.00,66095.44964,
6,61235,33.7872626,-84.4060858,245.586,51657.00,66095.44967,
6,61236,33.7872626,-84.4060856,245.511,51400.00,66095.44970,
6,61237,33.7872625,-84.4060854,245.435,50372.00,66095.44974,
6,61295,33.7872623,-84.4060864,245.986,52171.00,66095.46284,
6,61296,33.7872623,-84.4060863,245.910,50886.00,66095.46287,
6,61297,33.7872623,-84.4060862,245.833,51914.00,66095.46291,
6,61298,33.7872622,-84.4060861,245.758,51143.00,66095.46294,
6,61299,33.7872622,-84.4060859,245.682,51400.00,66095.46297,
6,61300,33.7872621,-84.4060858,245.607,51400.00,66095.46300,
6,61301,33.7872621,-84.4060856,245.531,51143.00,66095.46304,
6,61302,33.7872621,-84.4060855,245.454,51657.00,66095.46307,
6,61303,33.7872620,-84.4060853,245.380,49858.00,66095.46310,
6,61360,33.7872618,-84.4060863,246.076,51914.00,66095.47614,
6,61361,33.7872619,-84.4060864,245.998,51143.00,66095.47617,
6,61362,33.7872618,-84.4060862,245.925,50372.00,66095.47620,
6,61363,33.7872618,-84.4060863,245.847,50886.00,66095.47624,
6,61364,33.7872617,-84.4060859,245.777,50372.00,66095.47627,
6,61365,33.7872617,-84.4060859,245.701,51143.00,66095.47630,
6,61366,33.7872617,-84.4060859,245.623,51657.00,66095.47633,
6,61367,33.7872616,-84.4060857,245.552,51914.00,66095.47637,
6,61368,33.7872616,-84.4060857,245.474,51914.00,66095.47640,
6,61369,33.7872616,-84.4060855,245.400,51914.00,66095.47643,
6,61370,33.7872615,-84.4060853,245.327,49344.00,66095.47647,
6,61430,33.7872615,-84.4060869,246.155,44204.00,66095.48943,
6,61431,33.7872614,-84.4060866,246.085,51657.00,66095.48947,
6,61432,33.7872614,-84.4060864,245.937,49087.00,66095.48953,
6,61433,33.7872613,-84.4060861,245.868,49858.00,66095.48956,
6,61434,33.7872613,-84.4060862,245.791,50115.00,66095.48960,
6,61435,33.7872612,-84.4060857,245.725,51143.00,66095.48963,
6,61436,33.7872613,-84.4060860,245.642,51400.00,66095.48966,
6,61437,33.7872612,-84.4060858,245.571,51143.00,66095.48969,
6,61438,33.7872612,-84.4060856,245.499,51400.00,66095.48973,
6,61439,33.7872611,-84.4060855,245.427,51657.00,66095.48976,
6,61440,33.7872611,-84.4060853,245.354,51657.00,66095.48979,
6,61441,33.7872610,-84.4060851,245.284,49087.00,66095.48983,
6,61499,33.7872610,-84.4060867,246.171,50372.00,66095.50276,
6,61500,33.7872609,-84.4060866,246.100,51143.00,66095.50279,
6,61501,33.7872609,-84.4060865,246.028,51657.00,66095.50282,
6,61502,33.7872609,-84.4060863,245.957,51400.00,66095.50285,
6,61503,33.7872609,-84.4060863,245.884,48059.00,66095.50289,
6,61504,33.7872609,-84.4060863,245.809,48316.00,66095.50292,
6,61505,33.7872608,-84.4060861,245.740,51400.00,66095.50295,
6,61506,33.7872608,-84.4060861,245.666,51400.00,66095.50299,
6,61507,33.7872608,-84.4060860,245.592,51657.00,66095.50302,
6,61508,33.7872607,-84.4060857,245.526,51400.00,66095.50305,
6,61509,33.7872607,-84.4060855,245.453,51657.00,66095.50308,
6,61510,33.7872606,-84.4060854,245.383,51657.00,66095.50312,
6,61511,33.7872606,-84.4060852,245.311,51400.00,66095.50315,
6,61567,33.7872605,-84.4060868,246.182,45746.00,66095.51608,
6,61568,33.7872604,-84.4060864,246.116,51914.00,66095.51611,
6,61569,33.7872605,-84.4060866,246.042,51657.00,66095.51614,
6,61570,33.7872603,-84.4060862,245.976,51657.00,66095.51618,
6,61571,33.7872604,-84.4060863,245.902,50115.00,66095.51621,
6,61572,33.7872604,-84.4060862,245.830,49858.00,66095.51624,
6,61573,33.7872603,-84.4060861,245.761,49601.00,66095.51627,
6,61574,33.7872602,-84.4060857,245.697,50886.00,66095.51631,
6,61575,33.7872603,-84.4060858,245.620,51400.00,66095.51634,
6,61576,33.7872603,-84.4060858,245.548,51143.00,66095.51637,
6,61577,33.7872602,-84.4060856,245.480,51657.00,66095.51640,
6,61578,33.7872602,-84.4060855,245.408,51914.00,66095.51644,
6,61579,33.7872601,-84.4060853,245.341,51657.00,66095.51647,
6,61580,33.7872601,-84.4060852,245.268,49858.00,66095.51650,
6,61639,33.7872600,-84.4060865,246.129,52428.00,66095.52943,
6,61640,33.7872600,-84.4060864,246.060,51657.00,66095.52947,
6,61641,33.7872600,-84.4060865,245.988,51657.00,66095.52950,
6,61642,33.7872600,-84.4060864,245.918,51657.00,66095.52953,
6,61643,33.7872599,-84.4060862,245.852,50886.00,66095.52956,
6,61644,33.7872599,-84.4060863,245.779,50629.00,66095.52960,
6,61645,33.7872598,-84.4060859,245.715,50629.00,66095.52963,
6,61646,33.7872598,-84.4060859,245.644,50886.00,66095.52966,
6,61647,33.7872597,-84.4060856,245.580,51400.00,66095.52969,
6,61648,33.7872597,-84.4060856,245.507,51657.00,66095.52973,
6,61649,33.7872597,-84.4060856,245.435,51400.00,66095.52976,
6,61650,33.7872597,-84.4060854,245.367,51657.00,66095.52979,
6,61651,33.7872596,-84.4060852,245.300,51400.00,66095.52983,
6,61709,33.7872595,-84.4060866,246.144,51914.00,66095.54276,
6,61710,33.7872595,-84.4060864,246.079,51657.00,66095.54279,
6,61711,33.7872595,-84.4060864,246.010,51657.00,66095.54283,
6,61712,33.7872594,-84.4060863,245.942,51400.00,66095.54286,
6,61713,33.7872594,-84.4060862,245.873,51143.00,66095.54289,
6,61714,33.7872594,-84.4060861,245.807,50372.00,66095.54292,
6,61715,33.7872593,-84.4060858,245.742,51143.00,66095.54296,
6,61716,33.7872593,-84.4060858,245.673,50886.00,66095.54299,
6,61717,33.7872593,-84.4060859,245.601,50886.00,66095.54302,
6,61718,33.7872592,-84.4060856,245.537,51400.00,66095.54305,
6,61719,33.7872593,-84.4060857,245.465,51400.00,66095.54309,
6,61720,33.7872592,-84.4060855,245.400,51400.00,66095.54312,
6,61721,33.7872591,-84.4060852,245.334,50886.00,66095.54315,
6,61722,33.7872591,-84.4060852,245.265,50115.00,66095.54319,
6,61779,33.7872591,-84.4060867,246.159,51400.00,66095.55608,
6,61780,33.7872590,-84.4060864,246.096,51914.00,66095.55612,
6,61781,33.7872590,-84.4060865,246.027,51400.00,66095.55615,
6,61782,33.7872590,-84.4060864,245.961,51914.00,66095.55618,
6,61783,33.7872590,-84.4060863,245.894,51143.00,66095.55621,
6,61784,33.7872590,-84.4060863,245.827,51400.00,66095.55625,
6,61785,33.7872590,-84.4060862,245.760,51400.00,66095.55628,
6,61786,33.7872589,-84.4060860,245.695,51143.00,66095.55631,
6,61787,33.7872588,-84.4060858,245.630,51400.00,66095.55635,
6,61788,33.7872588,-84.4060858,245.563,50886.00,66095.55638,
6,61789,33.7872588,-84.4060856,245.498,51400.00,66095.55641,
6,61790,33.7872588,-84.4060855,245.431,51143.00,66095.55644,
6,61791,33.7872587,-84.4060853,245.365,51400.00,66095.55648,
6,61792,33.7872587,-84.4060853,245.298,51143.00,66095.55651,
6,61846,33.7872587,-84.4060868,246.176,47031.00,66095.56941,
6,61847,33.7872586,-84.4060866,246.113,51914.00,66095.56944,
6,61848,33.7872586,-84.4060865,246.049,51400.00,66095.56947,
6,61849,33.7872586,-84.4060865,245.982,51657.00,66095.56951,
6,61850,33.7872585,-84.4060863,245.918,51914.00,66095.56954,
6,61851,33.7872585,-84.4060863,245.853,51657.00,66095.56957,
6,61852,33.7872585,-84.4060862,245.787,51143.00,66095.56960,
6,61853,33.7872584,-84.4060860,245.724,51143.00,66095.56964,
6,61854,33.7872584,-84.4060859,245.660,51143.00,66095.56967,
6,61855,33.7872584,-84.4060859,245.592,51657.00,66095.56970,
6,61856,33.7872583,-84.4060857,245.529,51143.00,66095.56974,
6,61857,33.7872583,-84.4060855,245.465,51657.00,66095.56977,
6,61858,33.7872582,-84.4060854,245.401,51143.00,66095.56980,
6,61859,33.7872582,-84.4060852,245.336,51143.00,66095.56983,
6,61860,33.7872581,-84.4060851,245.272,48830.00,66095.56987,
6,61918,33.7872581,-84.4060866,246.133,51657.00,66095.58276,
6,61919,33.7872581,-84.4060866,246.069,51914.00,66095.58280,
6,61920,33.7872581,-84.4060864,246.007,51657.00,66095.58283,
6,61921,33.7872580,-84.4060863,245.944,51657.00,66095.58286,
6,61922,33.7872580,-84.4060863,245.878,51657.00,66095.58290,
6,61923,33.7872579,-84.4060859,245.822,51400.00,66095.58293,
6,61924,33.7872579,-84.4060858,245.758,51143.00,66095.58296,
6,61925,33.7872579,-84.4060859,245.689,51657.00,66095.58299,
6,61926,33.7872579,-84.4060858,245.626,51400.00,66095.58303,
6,61927,33.7872578,-84.4060856,245.565,49601.00,66095.58306,
6,61928,33.7872578,-84.4060855,245.500,51143.00,66095.58309,
6,61929,33.7872578,-84.4060854,245.437,50629.00,66095.58312,
6,61930,33.7872578,-84.4060853,245.372,51143.00,66095.58316,
6,61931,33.7872577,-84.4060853,245.307,50886.00,66095.58319,
6,61985,33.7872577,-84.4060866,246.153,49087.00,66095.59609,
6,61986,33.7872576,-84.4060865,246.092,51400.00,66095.59612,
6,61987,33.7872576,-84.4060865,246.029,51400.00,66095.59615,
6,61988,33.7872576,-84.4060864,245.967,51657.00,66095.59619,
6,61989,33.7872576,-84.4060864,245.902,51914.00,66095.59622,
6,61990,33.7872576,-84.4060862,245.841,51400.00,66095.59625,
6,61991,33.7872575,-84.4060861,245.781,50629.00,66095.59628,
6,61992,33.7872575,-84.4060860,245.717,51143.00,66095.59632,
6,61993,33.7872574,-84.4060859,245.657,51400.00,66095.59635,
6,61994,33.7872574,-84.4060858,245.593,50886.00,66095.59638,
6,61995,33.7872574,-84.4060857,245.532,50115.00,66095.59642,
6,61996,33.7872573,-84.4060855,245.472,50629.00,66095.59645,
6,61997,33.7872573,-84.4060854,245.409,51143.00,66095.59648,
6,61998,33.7872573,-84.4060853,245.346,51143.00,66095.59651,
6,62055,33.7872572,-84.4060865,246.113,46517.00,66095.60944,
6,62056,33.7872571,-84.4060864,246.053,51400.00,66095.60947,
6,62057,33.7872571,-84.4060864,245.991,51400.00,66095.60951,
6,62058,33.7872571,-84.4060863,245.930,51657.00,66095.60954,
6,62059,33.7872571,-84.4060862,245.870,51400.00,66095.60957,
6,62060,33.7872571,-84.4060862,245.808,51400.00,66095.60960,
6,62061,33.7872570,-84.4060860,245.748,51400.00,66095.60964,
6,62062,33.7872571,-84.4060861,245.683,51143.00,66095.60967,
6,62063,33.7872570,-84.4060858,245.627,50629.00,66095.60970,
6,62064,33.7872570,-84.4060858,245.565,51400.00,66095.60974,
6,62065,33.7872569,-84.4060856,245.507,51400.00,66095.60977,
6,62066,33.7872569,-84.4060855,245.445,51400.00,66095.60980,
6,62067,33.7872568,-84.4060854,245.382,50886.00,66095.60983,
6,62125,33.7872567,-84.4060864,246.019,51657.00,66095.62282,
6,62126,33.7872567,-84.4060865,245.955,51400.00,66095.62285,
6,62127,33.7872567,-84.4060863,245.898,51914.00,66095.62289,
6,62128,33.7872566,-84.4060862,245.839,51657.00,66095.62292,
6,62129,33.7872566,-84.4060862,245.778,51143.00,66095.62295,
6,62130,33.7872566,-84.4060861,245.719,51400.00,66095.62299,
6,62131,33.7872566,-84.4060860,245.659,50886.00,66095.62302,
6,62132,33.7872565,-84.4060858,245.601,51143.00,66095.62305,
6,62133,33.7872565,-84.4060857,245.542,51657.00,66095.62308,
6,62134,33.7872564,-84.4060855,245.484,50886.00,66095.62312,
6,62135,33.7872564,-84.4060855,245.423,50115.00,66095.62315,
6,62196,33.7872562,-84.4060863,245.989,49858.00,66095.63617,
6,62197,33.7872562,-84.4060863,245.928,51143.00,66095.63621,
6,62198,33.7872562,-84.4060864,245.868,50372.00,66095.63624,
6,62199,33.7872561,-84.4060862,245.812,51143.00,66095.63627,
6,62200,33.7872561,-84.4060861,245.753,51143.00,66095.63630,
6,62201,33.7872561,-84.4060860,245.696,50886.00,66095.63634,
6,62202,33.7872561,-84.4060859,245.638,51143.00,66095.63637,
6,62203,33.7872560,-84.4060857,245.581,50886.00,66095.63640,
6,62204,33.7872560,-84.4060856,245.525,51400.00,66095.63644,
6,62205,33.7872560,-84.4060855,245.464,49601.00,66095.63647,
6,62263,33.7872557,-84.4060863,245.903,51143.00,66095.64956,
6,62264,33.7872557,-84.4060864,245.842,50886.00,66095.64959,
6,62265,33.7872556,-84.4060859,245.795,50886.00,66095.64963,
6,62266,33.7872556,-84.4060861,245.732,51143.00,66095.64966,
6,62267,33.7872556,-84.4060858,245.678,50886.00,66095.64969,
6,62268,33.7872556,-84.4060859,245.618,50629.00,66095.64972,
6,62269,33.7872555,-84.4060857,245.562,51143.00,66095.64976,
6,62270,33.7872555,-84.4060856,245.508,48830.00,66095.64979,
7,64218,33.7872649,-84.4061500,245.792,50629.00,66096.06226,
7,64219,33.7872650,-84.4061500,245.711,52685.00,66096.06230,
7,64220,33.7872649,-84.4061499,245.632,52685.00,66096.06233,
7,64221,33.7872649,-84.4061498,245.551,53199.00,66096.06236,
7,64222,33.7872649,-84.4061497,245.472,53199.00,66096.06239,
7,64280,33.7872646,-84.4061502,245.812,53456.00,66096.07558,
7,64281,33.7872645,-84.4061500,245.735,52942.00,66096.07561,
7,64282,33.7872644,-84.4061499,245.658,53456.00,66096.07564,
7,64283,33.7872644,-84.4061498,245.579,53199.00,66096.07568,
7,64284,33.7872644,-84.4061499,245.497,53713.00,66096.07571,
7,64285,33.7872644,-84.4061496,245.423,53456.00,66096.07574,
7,64346,33.7872641,-84.4061502,245.836,52942.00,66096.08890,
7,64347,33.7872641,-84.4061501,245.758,52942.00,66096.08893,
7,64348,33.7872640,-84.4061500,245.682,53713.00,66096.08896,
7,64349,33.7872640,-84.4061499,245.605,53456.00,66096.08900,
7,64350,33.7872639,-84.4061497,245.530,53199.00,66096.08903,
7,64351,33.7872639,-84.4061496,245.454,53713.00,66096.08906,
7,64352,33.7872639,-84.4061495,245.377,52942.00,66096.08910,
7,64415,33.7872638,-84.4061505,245.931,51914.00,66096.10218,
7,64416,33.7872637,-84.4061503,245.857,52942.00,66096.10221,
7,64417,33.7872636,-84.4061501,245.784,52428.00,66096.10225,
7,64418,33.7872636,-84.4061500,245.709,53199.00,66096.10228,
7,64419,33.7872636,-84.4061500,245.632,53199.00,66096.10231,
7,64420,33.7872635,-84.4061498,245.557,53456.00,66096.10235,
7,64421,33.7872635,-84.4061497,245.483,53713.00,66096.10238,
7,64422,33.7872635,-84.4061497,245.404,53199.00,66096.10241,
7,64423,33.7872634,-84.4061495,245.329,53199.00,66096.10244,
7,64483,33.7872633,-84.4061506,245.951,53199.00,66096.11549,
7,64484,33.7872633,-84.4061504,245.878,51914.00,66096.11553,
7,64485,33.7872632,-84.4061503,245.804,53199.00,66096.11556,
7,64486,33.7872632,-84.4061501,245.731,53199.00,66096.11559,
7,64487,33.7872631,-84.4061499,245.660,52942.00,66096.11563,
7,64488,33.7872631,-84.4061499,245.584,53199.00,66096.11566,
7,64489,33.7872629,-84.4061495,245.517,53199.00,66096.11569,
7,64490,33.7872630,-84.4061497,245.435,52685.00,66096.11572,
7,64491,33.7872630,-84.4061496,245.362,53199.00,66096.11576,
7,64492,33.7872630,-84.4061495,245.286,53199.00,66096.11579,
7,64551,33.7872628,-84.4061505,245.973,53199.00,66096.12881,
7,64552,33.7872628,-84.4061503,245.903,52685.00,66096.12884,
7,64553,33.7872629,-84.4061506,245.824,52685.00,66096.12888,
7,64554,33.7872627,-84.4061502,245.757,52942.00,66096.12891,
7,64555,33.7872627,-84.4061501,245.683,53199.00,66096.12894,
7,64556,33.7872626,-84.4061500,245.611,53199.00,66096.12898,
7,64557,33.7872626,-84.4061498,245.540,53199.00,66096.12901,
7,64558,33.7872626,-84.4061497,245.468,53199.00,66096.12904,
7,64559,33.7872625,-84.4061496,245.396,52942.00,66096.12907,
7,64560,33.7872625,-84.4061494,245.323,52942.00,66096.12911,
7,64561,33.7872624,-84.4061493,245.251,51143.00,66096.12914,
7,64620,33.7872624,-84.4061506,245.995,52171.00,66096.14213,
7,64621,33.7872624,-84.4061505,245.924,51914.00,66096.14216,
7,64622,33.7872624,-84.4061505,245.852,52171.00,66096.14219,
7,64623,33.7872623,-84.4061503,245.781,53199.00,66096.14223,
7,64624,33.7872622,-84.4061501,245.713,52942.00,66096.14226,
7,64625,33.7872622,-84.4061500,245.641,52685.00,66096.14229,
7,64626,33.7872621,-84.4061498,245.572,52428.00,66096.14232,
7,64627,33.7872621,-84.4061497,245.500,52685.00,66096.14236,
7,64628,33.7872621,-84.4061497,245.428,52685.00,66096.14239,
7,64629,33.7872620,-84.4061495,245.357,52428.00,66096.14242,
7,64630,33.7872620,-84.4061494,245.286,52428.00,66096.14245,
7,64690,33.7872620,-84.4061508,246.012,49601.00,66096.15544,
7,64691,33.7872619,-84.4061505,245.945,52171.00,66096.15548,
7,64692,33.7872619,-84.4061505,245.875,51657.00,66096.15551,
7,64693,33.7872619,-84.4061504,245.805,52685.00,66096.15554,
7,64694,33.7872618,-84.4061503,245.736,52685.00,66096.15557,
7,64695,33.7872618,-84.4061502,245.664,52171.00,66096.15561,
7,64696,33.7872617,-84.4061499,245.598,52171.00,66096.15564,
7,64697,33.7872617,-84.4061498,245.529,52428.00,66096.15567,
7,64698,33.7872616,-84.4061496,245.463,52171.00,66096.15570,
7,64699,33.7872616,-84.4061495,245.391,52171.00,66096.15574,
7,64700,33.7872615,-84.4061494,245.321,51657.00,66096.15577,
7,64701,33.7872615,-84.4061494,245.248,49087.00,66096.15580,
7,64759,33.7872615,-84.4061506,245.966,52428.00,66096.16879,
7,64760,33.7872615,-84.4061505,245.898,51657.00,66096.16882,
7,64761,33.7872614,-84.4061505,245.829,52171.00,66096.16886,
7,64762,33.7872614,-84.4061503,245.761,52685.00,66096.16889,
7,64763,33.7872613,-84.4061502,245.694,52171.00,66096.16892,
7,64764,33.7872613,-84.4061501,245.626,51914.00,66096.16895,
7,64765,33.7872613,-84.4061500,245.556,51914.00,66096.16899,
7,64766,33.7872612,-84.4061499,245.488,52171.00,66096.16902,
7,64767,33.7872612,-84.4061497,245.422,51914.00,66096.16905,
7,64768,33.7872611,-84.4061496,245.351,51914.00,66096.16909,
7,64769,33.7872611,-84.4061495,245.283,52942.00,66096.16912,
7,64832,33.7872610,-84.4061505,245.992,52685.00,66096.18211,
7,64833,33.7872611,-84.4061508,245.918,51914.00,66096.18214,
7,64834,33.7872610,-84.4061506,245.853,52685.00,66096.18217,
7,64835,33.7872610,-84.4061505,245.787,52171.00,66096.18220,
7,64836,33.7872609,-84.4061503,245.720,52685.00,66096.18224,
7,64837,33.7872609,-84.4061503,245.652,52171.00,66096.18227,
7,64838,33.7872609,-84.4061502,245.585,52171.00,66096.18230,
7,64839,33.7872608,-84.4061500,245.520,52428.00,66096.18233,
7,64840,33.7872608,-84.4061499,245.452,52428.00,66096.18237,
7,64841,33.7872608,-84.4061498,245.384,52428.00,66096.18240,
7,64842,33.7872607,-84.4061497,245.315,52428.00,66096.18243,
7,64843,33.7872606,-84.4061494,245.254,49601.00,66096.18246,
7,64900,33.7872607,-84.4061510,246.007,49601.00,66096.19542,
7,64901,33.7872606,-84.4061507,245.945,52171.00,66096.19545,
7,64902,33.7872606,-84.4061507,245.878,51400.00,66096.19548,
7,64903,33.7872606,-84.4061505,245.813,51914.00,66096.19552,
7,64904,33.7872605,-84.4061504,245.748,51914.00,66096.19555,
7,64905,33.7872604,-84.4061503,245.683,51657.00,66096.19558,
7,64906,33.7872605,-84.4061503,245.614,51914.00,66096.19561,
7,64907,33.7872603,-84.4061500,245.553,52428.00,66096.19565,
7,64908,33.7872603,-84.4061499,245.487,51914.00,66096.19568,
7,64909,33.7872603,-84.4061498,245.420,52171.00,66096.19571,
7,64910,33.7872603,-84.4061497,245.352,52428.00,66096.19574,
7,64911,33.7872602,-84.4061495,245.289,51914.00,66096.19578,
7,64968,33.7872602,-84.4061508,245.968,52171.00,66096.20877,
7,64969,33.7872602,-84.4061507,245.903,52171.00,66096.20880,
7,64970,33.7872601,-84.4061506,245.839,51914.00,66096.20883,
7,64971,33.7872601,-84.4061504,245.776,52685.00,66096.20886,
7,64972,33.7872601,-84.4061505,245.708,52428.00,66096.20890,
7,64973,33.7872600,-84.4061503,245.647,51914.00,66096.20893,
7,64974,33.7872600,-84.4061502,245.582,52428.00,66096.20896,
7,64975,33.7872599,-84.4061500,245.519,51914.00,66096.20899,
7,64976,33.7872599,-84.4061499,245.454,52171.00,66096.20903,
7,64977,33.7872598,-84.4061498,245.390,52428.00,66096.20906,
7,64978,33.7872598,-84.4061497,245.322,51914.00,66096.20909,
7,65038,33.7872597,-84.4061508,245.929,51914.00,66096.22212,
7,65039,33.7872597,-84.4061506,245.867,51914.00,66096.22215,
7,65040,33.7872596,-84.4061505,245.804,51400.00,66096.22218,
7,65041,33.7872596,-84.4061505,245.740,52428.00,66096.22221,
7,65042,33.7872596,-84.4061504,245.677,51657.00,66096.22225,
7,65043,33.7872596,-84.4061503,245.613,51657.00,66096.22228,
7,65044,33.7872595,-84.4061501,245.551,51914.00,66096.22231,
7,65045,33.7872595,-84.4061501,245.487,51914.00,66096.22234,
7,65046,33.7872594,-84.4061499,245.424,51914.00,66096.22238,
7,65047,33.7872594,-84.4061499,245.359,52171.00,66096.22241,
7,65106,33.7872593,-84.4061508,245.891,49344.00,66096.23546,
7,65107,33.7872592,-84.4061507,245.830,51657.00,66096.23549,
7,65108,33.7872592,-84.4061506,245.767,51914.00,66096.23553,
7,65109,33.7872592,-84.4061505,245.706,52428.00,66096.23556,
7,65110,33.7872591,-84.4061503,245.645,51400.00,66096.23559,
7,65111,33.7872591,-84.4061503,245.582,51914.00,66096.23562,
7,65112,33.7872591,-84.4061502,245.519,51657.00,66096.23566,
7,65113,33.7872590,-84.4061501,245.456,52171.00,66096.23569,
7,65114,33.7872590,-84.4061499,245.398,51914.00,66096.23572,
7,65175,33.7872589,-84.4061510,245.853,43433.00,66096.24881,
7,65176,33.7872587,-84.4061506,245.798,51914.00,66096.24884,
7,65177,33.7872587,-84.4061506,245.737,51657.00,66096.24887,
7,65178,33.7872587,-84.4061506,245.673,51657.00,66096.24891,
7,65179,33.7872586,-84.4061503,245.618,51914.00,66096.24894,
7,65180,33.7872586,-84.4061503,245.554,51657.00,66096.24897,
7,65181,33.7872586,-84.4061501,245.495,51914.00,66096.24900,
7,65182,33.7872586,-84.4061501,245.433,50115.00,66096.24904,
7,65244,33.7872583,-84.4061507,245.768,49087.00,66096.26219,
7,65245,33.7872583,-84.4061505,245.710,50115.00,66096.26222,
7,65246,33.7872583,-84.4061506,245.647,49601.00,66096.26225,
7,65247,33.7872582,-84.4061505,245.587,48830.00,66096.26228,
7,65248,33.7872581,-84.4061502,245.534,48316.00,66096.26232,
7,65249,33.7872582,-84.4061503,245.466,46517.00,66096.26235,
8,68527,33.7872657,-84.4062319,245.835,41377.00,66096.95401,
8,68528,33.7872657,-84.4062318,245.762,42405.00,66096.95404,
8,68529,33.7872657,-84.4062319,245.688,47288.00,66096.95407,
8,68530,33.7872655,-84.4062315,245.624,48316.00,66096.95411,
8,68531,33.7872655,-84.4062313,245.553,49087.00,66096.95414,
8,68532,33.7872654,-84.4062311,245.484,49601.00,66096.95417,
8,68593,33.7872653,-84.4062322,246.140,50886.00,66096.96718,
8,68594,33.7872653,-84.4062322,246.068,51143.00,66096.96722,
8,68595,33.7872653,-84.4062322,245.998,51143.00,66096.96725,
8,68596,33.7872653,-84.4062320,245.929,50886.00,66096.96728,
8,68597,33.7872652,-84.4062319,245.859,50372.00,66096.96732,
8,68598,33.7872652,-84.4062317,245.792,48573.00,66096.96735,
8,68599,33.7872652,-84.4062317,245.722,49601.00,66096.96738,
8,68600,33.7872651,-84.4062315,245.653,50115.00,66096.96741,
8,68601,33.7872651,-84.4062314,245.584,51143.00,66096.96745,
8,68602,33.7872650,-84.4062313,245.514,51400.00,66096.96748,
8,68603,33.7872650,-84.4062311,245.446,51400.00,66096.96751,
8,68660,33.7872649,-84.4062322,246.160,50886.00,66096.98049,
8,68661,33.7872649,-84.4062322,246.091,51143.00,66096.98053,
8,68662,33.7872649,-84.4062322,246.022,50886.00,66096.98056,
8,68663,33.7872648,-84.4062321,245.953,50115.00,66096.98059,
8,68664,33.7872648,-84.4062320,245.885,49858.00,66096.98062,
8,68665,33.7872648,-84.4062319,245.817,50886.00,66096.98066,
8,68666,33.7872647,-84.4062317,245.750,50886.00,66096.98069,
8,68667,33.7872647,-84.4062317,245.680,49858.00,66096.98072,
8,68668,33.7872646,-84.4062315,245.614,50115.00,66096.98075,
8,68669,33.7872647,-84.4062315,245.542,51143.00,66096.98079,
8,68670,33.7872646,-84.4062313,245.476,50886.00,66096.98082,
8,68671,33.7872645,-84.4062311,245.412,44461.00,66096.98085,
8,68725,33.7872645,-84.4062323,246.178,47545.00,66096.99380,
8,68726,33.7872645,-84.4062323,246.110,51143.00,66096.99383,
8,68727,33.7872645,-84.4062323,246.042,50372.00,66096.99386,
8,68728,33.7872644,-84.4062321,245.977,50115.00,66096.99390,
8,68729,33.7872644,-84.4062321,245.908,50115.00,66096.99393,
8,68730,33.7872643,-84.4062319,245.843,51143.00,66096.99396,
8,68731,33.7872643,-84.4062318,245.777,51400.00,66096.99400,
8,68732,33.7872643,-84.4062318,245.707,50115.00,66096.99403,
8,68733,33.7872642,-84.4062316,245.643,50372.00,66096.99406,
8,68734,33.7872642,-84.4062314,245.577,50372.00,66096.99409,
8,68735,33.7872641,-84.4062313,245.512,50629.00,66096.99413,
8,68736,33.7872641,-84.4062312,245.444,51400.00,66096.99416,
8,68795,33.7872641,-84.4062324,246.131,51400.00,66097.00714,
8,68796,33.7872640,-84.4062322,246.066,50886.00,66097.00717,
8,68797,33.7872640,-84.4062321,246.001,50886.00,66097.00721,
8,68798,33.7872640,-84.4062321,245.935,49601.00,66097.00724,
8,68799,33.7872639,-84.4062320,245.868,50115.00,66097.00727,
8,68800,33.7872638,-84.4062316,245.811,51143.00,66097.00731,
8,68801,33.7872639,-84.4062318,245.737,50886.00,66097.00734,
8,68802,33.7872639,-84.4062318,245.671,51400.00,66097.00737,
8,68803,33.7872637,-84.4062314,245.611,50629.00,66097.00740,
8,68804,33.7872637,-84.4062313,245.546,50115.00,66097.00744,
8,68805,33.7872637,-84.4062313,245.477,51400.00,66097.00747,
8,68806,33.7872637,-84.4062312,245.411,40863.00,66097.00750,
8,68860,33.7872636,-84.4062324,246.154,51657.00,66097.02045,
8,68861,33.7872637,-84.4062325,246.086,49858.00,66097.02048,
8,68862,33.7872636,-84.4062322,246.025,50115.00,66097.02051,
8,68863,33.7872636,-84.4062322,245.960,50372.00,66097.02054,
8,68864,33.7872635,-84.4062321,245.896,49858.00,66097.02058,
8,68865,33.7872635,-84.4062319,245.833,50886.00,66097.02061,
8,68866,33.7872634,-84.4062319,245.768,51914.00,66097.02064,
8,68867,33.7872634,-84.4062317,245.705,49858.00,66097.02068,
8,68868,33.7872633,-84.4062316,245.642,50886.00,66097.02071,
8,68869,33.7872633,-84.4062315,245.578,49858.00,66097.02074,
8,68870,33.7872632,-84.4062313,245.515,49858.00,66097.02077,
8,68871,33.7872632,-84.4062312,245.449,50629.00,66097.02081,
8,68926,33.7872632,-84.4062325,246.173,49087.00,66097.03375,
8,68927,33.7872631,-84.4062323,246.112,49601.00,66097.03378,
8,68928,33.7872630,-84.4062320,246.053,49858.00,66097.03382,
8,68929,33.7872631,-84.4062323,245.984,50115.00,66097.03385,
8,68930,33.7872631,-84.4062321,245.923,50372.00,66097.03388,
8,68931,33.7872631,-84.4062321,245.858,50886.00,66097.03391,
8,68932,33.7872630,-84.4062319,245.797,51400.00,66097.03395,
8,68933,33.7872630,-84.4062318,245.736,49858.00,66097.03398,
8,68934,33.7872629,-84.4062316,245.675,50629.00,66097.03401,
8,68935,33.7872628,-84.4062314,245.614,50372.00,66097.03404,
8,68936,33.7872629,-84.4062316,245.542,49858.00,66097.03408,
8,68937,33.7872629,-84.4062314,245.481,50372.00,66097.03411,
8,68938,33.7872628,-84.4062312,245.421,48830.00,66097.03414,
8,68998,33.7872628,-84.4062325,246.133,50886.00,66097.04709,
8,68999,33.7872627,-84.4062322,246.075,50115.00,66097.04712,
8,69000,33.7872627,-84.4062323,246.011,50372.00,66097.04715,
8,69001,33.7872626,-84.4062322,245.950,50629.00,66097.04719,
8,69002,33.7872626,-84.4062320,245.889,49601.00,66097.04722,
8,69003,33.7872626,-84.4062321,245.824,50629.00,66097.04725,
8,69004,33.7872626,-84.4062319,245.764,50372.00,66097.04728,
8,69005,33.7872625,-84.4062318,245.704,49087.00,66097.04732,
8,69006,33.7872625,-84.4062316,245.644,49858.00,66097.04735,
8,69007,33.7872624,-84.4062315,245.582,49858.00,66097.04738,
8,69008,33.7872624,-84.4062313,245.522,50372.00,66097.04741,
8,69009,33.7872624,-84.4062313,245.457,49858.00,66097.04745,
8,69067,33.7872624,-84.4062326,246.156,50886.00,66097.06039,
8,69068,33.7872623,-84.4062324,246.098,49087.00,66097.06042,
8,69069,33.7872623,-84.4062324,246.037,49601.00,66097.06046,
8,69070,33.7872623,-84.4062323,245.976,50372.00,66097.06049,
8,69071,33.7872623,-84.4062323,245.915,49601.00,66097.06052,
8,69072,33.7872622,-84.4062321,245.856,49858.00,66097.06056,
8,69073,33.7872622,-84.4062320,245.795,50629.00,66097.06059,
8,69074,33.7872621,-84.4062319,245.737,49858.00,66097.06062,
8,69075,33.7872621,-84.4062317,245.677,50115.00,66097.06065,
8,69076,33.7872620,-84.4062316,245.617,50115.00,66097.06069,
8,69077,33.7872620,-84.4062315,245.558,48573.00,66097.06072,
8,69078,33.7872620,-84.4062314,245.495,48830.00,66097.06075,
8,69079,33.7872619,-84.4062313,245.437,50115.00,66097.06078,
8,69135,33.7872619,-84.4062326,246.181,41377.00,66097.07370,
8,69136,33.7872619,-84.4062325,246.122,50115.00,66097.07373,
8,69137,33.7872619,-84.4062325,246.062,50115.00,66097.07376,
8,69138,33.7872618,-84.4062323,246.006,49087.00,66097.07379,
8,69139,33.7872618,-84.4062323,245.945,49087.00,66097.07383,
8,69140,33.7872618,-84.4062322,245.885,49858.00,66097.07386,
8,69141,33.7872618,-84.4062321,245.827,51143.00,66097.07389,
8,69142,33.7872617,-84.4062319,245.770,51400.00,66097.07392,
8,69143,33.7872616,-84.4062318,245.711,48316.00,66097.07396,
8,69144,33.7872617,-84.4062318,245.649,50629.00,66097.07399,
8,69145,33.7872616,-84.4062317,245.591,50372.00,66097.07402,
8,69146,33.7872616,-84.4062316,245.532,49601.00,66097.07405,
8,69147,33.7872615,-84.4062314,245.474,50629.00,66097.07409,
8,69148,33.7872615,-84.4062314,245.412,47288.00,66097.07412,
8,69209,33.7872615,-84.4062325,246.148,50629.00,66097.08703,
8,69210,33.7872614,-84.4062325,246.090,50372.00,66097.08706,
8,69211,33.7872614,-84.4062324,246.033,49601.00,66097.08710,
8,69212,33.7872615,-84.4062325,245.971,50115.00,66097.08713,
8,69213,33.7872614,-84.4062323,245.916,49601.00,66097.08716,
8,69214,33.7872613,-84.4062322,245.858,50629.00,66097.08719,
8,69215,33.7872613,-84.4062321,245.803,50886.00,66097.08723,
8,69216,33.7872613,-84.4062320,245.743,51143.00,66097.08726,
8,69217,33.7872612,-84.4062319,245.687,50372.00,66097.08729,
8,69218,33.7872612,-84.4062318,245.627,50629.00,66097.08732,
8,69219,33.7872612,-84.4062317,245.570,50115.00,66097.08736,
8,69220,33.7872611,-84.4062315,245.514,50115.00,66097.08739,
8,69221,33.7872611,-84.4062314,245.457,50629.00,66097.08742,
8,69278,33.7872611,-84.4062327,246.173,48316.00,66097.10033,
8,69279,33.7872611,-84.4062327,246.115,50115.00,66097.10037,
8,69280,33.7872610,-84.4062325,246.061,48830.00,66097.10040,
8,69281,33.7872610,-84.4062325,246.004,49344.00,66097.10043,
8,69282,33.7872610,-84.4062324,245.948,49344.00,66097.10046,
8,69283,33.7872609,-84.4062322,245.893,49087.00,66097.10050,
8,69284,33.7872609,-84.4062322,245.835,51400.00,66097.10053,
8,69285,33.7872609,-84.4062322,245.777,51400.00,66097.10056,
8,69286,33.7872608,-84.4062320,245.722,50372.00,66097.10059,
8,69287,33.7872607,-84.4062317,245.671,50372.00,66097.10063,
8,69288,33.7872607,-84.4062316,245.617,49344.00,66097.10066,
8,69289,33.7872607,-84.4062318,245.552,49601.00,66097.10069,
8,69290,33.7872607,-84.4062317,245.494,49601.00,66097.10073,
8,69291,33.7872607,-84.4062315,245.439,51143.00,66097.10076,
8,69350,33.7872606,-84.4062327,246.144,51143.00,66097.11367,
8,69351,33.7872606,-84.4062326,246.088,49344.00,66097.11370,
8,69352,33.7872606,-84.4062326,246.031,49087.00,66097.11373,
8,69353,33.7872605,-84.4062324,245.980,50372.00,66097.11376,
8,69354,33.7872605,-84.4062323,245.926,50372.00,66097.11380,
8,69355,33.7872604,-84.4062322,245.872,49858.00,66097.11383,
8,69356,33.7872604,-84.4062322,245.814,51400.00,66097.11386,
8,69357,33.7872604,-84.4062320,245.760,51143.00,66097.11389,
8,69358,33.7872604,-84.4062320,245.702,50372.00,66097.11393,
8,69359,33.7872603,-84.4062319,245.649,50115.00,66097.11396,
8,69360,33.7872603,-84.4062318,245.594,49858.00,66097.11399,
8,69361,33.7872603,-84.4062317,245.538,50115.00,66097.11402,
8,69362,33.7872602,-84.4062315,245.485,51143.00,66097.11406,
8,69363,33.7872602,-84.4062314,245.431,50629.00,66097.11409,
8,69423,33.7872602,-84.4062326,246.173,48059.00,66097.12697,
8,69424,33.7872601,-84.4062325,246.120,50886.00,66097.12700,
8,69425,33.7872601,-84.4062325,246.065,49344.00,66097.12703,
8,69426,33.7872601,-84.4062325,246.011,50629.00,66097.12706,
8,69427,33.7872600,-84.4062323,245.959,50629.00,66097.12710,
8,69428,33.7872600,-84.4062323,245.904,50115.00,66097.12713,
8,69429,33.7872601,-84.4062323,245.848,51143.00,66097.12716,
8,69430,33.7872600,-84.4062321,245.796,51400.00,66097.12719,
8,69431,33.7872600,-84.4062321,245.741,51400.00,66097.12723,
8,69432,33.7872599,-84.4062319,245.690,49858.00,66097.12726,
8,69433,33.7872599,-84.4062319,245.633,50115.00,66097.12729,
8,69434,33.7872598,-84.4062317,245.582,49858.00,66097.12733,
8,69435,33.7872598,-84.4062315,245.531,50886.00,66097.12736,
8,69436,33.7872598,-84.4062317,245.467,50886.00,66097.12739,
8,69437,33.7872598,-84.4062315,245.416,49087.00,66097.12742,
8,69493,33.7872598,-84.4062328,246.146,51400.00,66097.14030,
8,69494,33.7872598,-84.4062328,246.093,51143.00,66097.14033,
8,69495,33.7872597,-84.4062325,246.044,51400.00,66097.14036,
8,69496,33.7872597,-84.4062325,245.990,49858.00,66097.14040,
8,69497,33.7872597,-84.4062325,245.937,49601.00,66097.14043,
8,69498,33.7872596,-84.4062324,245.884,49858.00,66097.14046,
8,69499,33.7872595,-84.4062321,245.837,50886.00,66097.14049,
8,69500,33.7872596,-84.4062322,245.779,51143.00,66097.14053,
8,69501,33.7872595,-84.4062321,245.727,49858.00,66097.14056,
8,69502,33.7872595,-84.4062319,245.678,49601.00,66097.14059,
8,69503,33.7872594,-84.4062319,245.623,49344.00,66097.14062,
8,69504,33.7872594,-84.4062318,245.569,51143.00,66097.14066,
8,69505,33.7872593,-84.4062316,245.521,51143.00,66097.14069,
8,69506,33.7872593,-84.4062314,245.472,51143.00,66097.14072,
8,69507,33.7872593,-84.4062315,245.411,47288.00,66097.14076,
8,69565,33.7872593,-84.4062328,246.176,44461.00,66097.15359,
8,69566,33.7872593,-84.4062327,246.125,51143.00,66097.15363,
8,69567,33.7872593,-84.4062327,246.073,51143.00,66097.15366,
8,69568,33.7872592,-84.4062325,246.024,51143.00,66097.15369,
8,69569,33.7872592,-84.4062325,245.972,51143.00,66097.15373,
8,69570,33.7872592,-84.4062324,245.921,50115.00,66097.15376,
8,69571,33.7872592,-84.4062324,245.869,49087.00,66097.15379,
8,69572,33.7872591,-84.4062322,245.819,48316.00,66097.15382,
8,69573,33.7872592,-84.4062323,245.764,49344.00,66097.15386,
8,69574,33.7872591,-84.4062321,245.714,50115.00,66097.15389,
8,69575,33.7872590,-84.4062319,245.667,50886.00,66097.15392,
8,69576,33.7872590,-84.4062320,245.611,51400.00,66097.15395,
8,69577,33.7872590,-84.4062318,245.562,51143.00,66097.15399,
8,69578,33.7872590,-84.4062318,245.508,51143.00,66097.15402,
8,69579,33.7872589,-84.4062316,245.458,50886.00,66097.15405,
8,69640,33.7872589,-84.4062329,246.101,49087.00,66097.16696,
8,69641,33.7872589,-84.4062328,246.052,48059.00,66097.16699,
8,69642,33.7872589,-84.4062327,246.004,47288.00,66097.16702,
8,69643,33.7872589,-84.4062327,245.951,44461.00,66097.16706,
8,69644,33.7872589,-84.4062327,245.899,40092.00,66097.16709,
